"source_project_id","extracted_at_ve","product_component_id","parent_product_id","parent_product_name","parent_product_type","parent_is_active","parent_active_inventory_link_count","component_product_id","component_product_name","component_product_type","component_is_active","component_mode","quantity","is_required","counts_toward_detail_limit","sort_order","notes","component_policy_candidate","canonical_resolution_candidate","review_required","review_reasons","canonical_quantity_decision","canonical_selection_rule","decision_notes","canonical_decision_status","canonical_resolution_decision"
"hbgxqrrybonavaigaetz","2026-07-30 15:32:51","373","108","Beneficio del mes","product","false","0","5","Mini Tequeños Fritos","service","true","selectable","1.000","true","true","1","","direct","expand_selected_component_then_apply_component_policy","false","","cantidad entera seleccionada","sum_selected_fried_pieces=25","","confirmed","selected_fried_piece_to_family_raw_piece_one_to_one"
"hbgxqrrybonavaigaetz","2026-07-30 15:32:51","374","108","Beneficio del mes","product","false","0","8","Empanadas Fritas","service","true","selectable","1.000","true","true","2","","direct","expand_selected_component_then_apply_component_policy","false","","cantidad entera seleccionada","sum_selected_fried_pieces=25","","confirmed","selected_fried_piece_to_family_raw_piece_one_to_one"
"hbgxqrrybonavaigaetz","2026-07-30 15:32:51","375","108","Beneficio del mes","product","false","0","11","Cachitas Fritas","service","true","selectable","1.000","true","true","3","","direct","expand_selected_component_then_apply_component_policy","false","","cantidad entera seleccionada","sum_selected_fried_pieces=25","","confirmed","selected_fried_piece_to_family_raw_piece_one_to_one"
"hbgxqrrybonavaigaetz","2026-07-30 15:32:51","376","108","Beneficio del mes","product","false","0","14","Mandocas Fritas","service","true","selectable","1.000","true","true","4","","direct","expand_selected_component_then_apply_component_policy","false","","cantidad entera seleccionada","sum_selected_fried_pieces=25","","confirmed","selected_fried_piece_to_family_raw_piece_one_to_one"
"hbgxqrrybonavaigaetz","2026-07-30 15:32:51","377","108","Beneficio del mes","product","false","0","17","Bombys Fritos","service","true","selectable","1.000","true","true","5","","direct","expand_selected_component_then_apply_component_policy","false","","cantidad entera seleccionada","sum_selected_fried_pieces=25","","confirmed","selected_fried_piece_to_family_raw_piece_one_to_one"
"hbgxqrrybonavaigaetz","2026-07-30 15:32:51","645","149","Chiki Mix (10 und)","gambit","false","0","2","Salsa Tártara 1oz","product","true","fixed","1.000","false","false","1","","self","expand_selected_component_then_apply_component_policy","false","","1 porción solo si fue elegida","optional; outside_piece_total","","confirmed","inventory_item_9:Salsa Tártara 1oz"
"hbgxqrrybonavaigaetz","2026-07-30 15:32:51","646","149","Chiki Mix (10 und)","gambit","false","0","5","Mini Tequeños Fritos","service","true","selectable","1.000","true","true","2","","direct","expand_selected_component_then_apply_component_policy","false","","cantidad entera seleccionada por el cliente","sum_selected_fried_pieces=10","","confirmed","selected_fried_piece_to_family_raw_piece_one_to_one"
"hbgxqrrybonavaigaetz","2026-07-30 15:32:51","647","149","Chiki Mix (10 und)","gambit","false","0","8","Empanadas Fritas","service","true","selectable","1.000","true","true","3","","direct","expand_selected_component_then_apply_component_policy","false","","cantidad entera seleccionada por el cliente","sum_selected_fried_pieces=10","","confirmed","selected_fried_piece_to_family_raw_piece_one_to_one"
"hbgxqrrybonavaigaetz","2026-07-30 15:32:51","648","149","Chiki Mix (10 und)","gambit","false","0","11","Cachitas Fritas","service","true","selectable","1.000","true","true","4","","direct","expand_selected_component_then_apply_component_policy","false","","cantidad entera seleccionada por el cliente","sum_selected_fried_pieces=10","","confirmed","selected_fried_piece_to_family_raw_piece_one_to_one"
"hbgxqrrybonavaigaetz","2026-07-30 15:32:51","649","149","Chiki Mix (10 und)","gambit","false","0","14","Mandocas Fritas","service","true","selectable","1.000","true","true","5","","direct","expand_selected_component_then_apply_component_policy","false","","cantidad entera seleccionada por el cliente","sum_selected_fried_pieces=10","","confirmed","selected_fried_piece_to_family_raw_piece_one_to_one"
"hbgxqrrybonavaigaetz","2026-07-30 15:32:51","650","149","Chiki Mix (10 und)","gambit","false","0","17","Bombys Fritos","service","true","selectable","1.000","true","true","6","","direct","expand_selected_component_then_apply_component_policy","false","","cantidad entera seleccionada por el cliente","sum_selected_fried_pieces=10","","confirmed","selected_fried_piece_to_family_raw_piece_one_to_one"
"hbgxqrrybonavaigaetz","2026-07-30 15:32:51","621","147","Chiki Mix (6 und)","gambit","false","0","2","Salsa Tártara 1oz","product","true","fixed","1.000","false","false","1","","self","expand_selected_component_then_apply_component_policy","false","","1 porción solo si fue elegida","optional; outside_piece_total","","confirmed","inventory_item_9:Salsa Tártara 1oz"
"hbgxqrrybonavaigaetz","2026-07-30 15:32:51","622","147","Chiki Mix (6 und)","gambit","false","0","5","Mini Tequeños Fritos","service","true","selectable","1.000","true","true","2","","direct","expand_selected_component_then_apply_component_policy","false","","cantidad entera seleccionada por el cliente","sum_selected_fried_pieces=6","","confirmed","selected_fried_piece_to_family_raw_piece_one_to_one"
"hbgxqrrybonavaigaetz","2026-07-30 15:32:51","623","147","Chiki Mix (6 und)","gambit","false","0","8","Empanadas Fritas","service","true","selectable","1.000","true","true","3","","direct","expand_selected_component_then_apply_component_policy","false","","cantidad entera seleccionada por el cliente","sum_selected_fried_pieces=6","","confirmed","selected_fried_piece_to_family_raw_piece_one_to_one"
"hbgxqrrybonavaigaetz","2026-07-30 15:32:51","624","147","Chiki Mix (6 und)","gambit","false","0","11","Cachitas Fritas","service","true","selectable","1.000","true","true","4","","direct","expand_selected_component_then_apply_component_policy","false","","cantidad entera seleccionada por el cliente","sum_selected_fried_pieces=6","","confirmed","selected_fried_piece_to_family_raw_piece_one_to_one"
"hbgxqrrybonavaigaetz","2026-07-30 15:32:51","625","147","Chiki Mix (6 und)","gambit","false","0","14","Mandocas Fritas","service","true","selectable","1.000","true","true","5","","direct","expand_selected_component_then_apply_component_policy","false","","cantidad entera seleccionada por el cliente","sum_selected_fried_pieces=6","","confirmed","selected_fried_piece_to_family_raw_piece_one_to_one"
"hbgxqrrybonavaigaetz","2026-07-30 15:32:51","626","147","Chiki Mix (6 und)","gambit","false","0","17","Bombys Fritos","service","true","selectable","1.000","true","true","6","","direct","expand_selected_component_then_apply_component_policy","false","","cantidad entera seleccionada por el cliente","sum_selected_fried_pieces=6","","confirmed","selected_fried_piece_to_family_raw_piece_one_to_one"
"hbgxqrrybonavaigaetz","2026-07-30 15:32:51","633","148","Chiki Mix (8 und)","gambit","false","0","2","Salsa Tártara 1oz","product","true","fixed","1.000","false","false","1","","self","expand_selected_component_then_apply_component_policy","false","","1 porción solo si fue elegida","optional; outside_piece_total","","confirmed","inventory_item_9:Salsa Tártara 1oz"
"hbgxqrrybonavaigaetz","2026-07-30 15:32:51","634","148","Chiki Mix (8 und)","gambit","false","0","5","Mini Tequeños Fritos","service","true","selectable","1.000","true","true","2","","direct","expand_selected_component_then_apply_component_policy","false","","cantidad entera seleccionada por el cliente","sum_selected_fried_pieces=8","","confirmed","selected_fried_piece_to_family_raw_piece_one_to_one"
"hbgxqrrybonavaigaetz","2026-07-30 15:32:51","635","148","Chiki Mix (8 und)","gambit","false","0","8","Empanadas Fritas","service","true","selectable","1.000","true","true","3","","direct","expand_selected_component_then_apply_component_policy","false","","cantidad entera seleccionada por el cliente","sum_selected_fried_pieces=8","","confirmed","selected_fried_piece_to_family_raw_piece_one_to_one"
"hbgxqrrybonavaigaetz","2026-07-30 15:32:51","636","148","Chiki Mix (8 und)","gambit","false","0","11","Cachitas Fritas","service","true","selectable","1.000","true","true","4","","direct","expand_selected_component_then_apply_component_policy","false","","cantidad entera seleccionada por el cliente","sum_selected_fried_pieces=8","","confirmed","selected_fried_piece_to_family_raw_piece_one_to_one"
"hbgxqrrybonavaigaetz","2026-07-30 15:32:51","637","148","Chiki Mix (8 und)","gambit","false","0","14","Mandocas Fritas","service","true","selectable","1.000","true","true","5","","direct","expand_selected_component_then_apply_component_policy","false","","cantidad entera seleccionada por el cliente","sum_selected_fried_pieces=8","","confirmed","selected_fried_piece_to_family_raw_piece_one_to_one"
"hbgxqrrybonavaigaetz","2026-07-30 15:32:51","638","148","Chiki Mix (8 und)","gambit","false","0","17","Bombys Fritos","service","true","selectable","1.000","true","true","6","","direct","expand_selected_component_then_apply_component_policy","false","","cantidad entera seleccionada por el cliente","sum_selected_fried_pieces=8","","confirmed","selected_fried_piece_to_family_raw_piece_one_to_one"
"hbgxqrrybonavaigaetz","2026-07-30 15:32:51","537","65","Combo Baby Mix Frito (25 und)","combo","true","5","8","Empanadas Fritas","service","true","fixed","5.000","true","false","1","","direct","expand_selected_component_then_apply_component_policy","true","parent_also_has_inventory_links","5.000 piezas","fixed_in_current_composition; snapshot_on_order","","confirmed","fried_piece_to_family_raw_piece_one_to_one"
"hbgxqrrybonavaigaetz","2026-07-30 15:32:51","538","65","Combo Baby Mix Frito (25 und)","combo","true","5","11","Cachitas Fritas","service","true","fixed","5.000","true","false","2","","direct","expand_selected_component_then_apply_component_policy","true","parent_also_has_inventory_links","5.000 piezas","fixed_in_current_composition; snapshot_on_order","","confirmed","fried_piece_to_family_raw_piece_one_to_one"
"hbgxqrrybonavaigaetz","2026-07-30 15:32:51","539","65","Combo Baby Mix Frito (25 und)","combo","true","5","14","Mandocas Fritas","service","true","fixed","5.000","true","false","3","","direct","expand_selected_component_then_apply_component_policy","true","parent_also_has_inventory_links","5.000 piezas","fixed_in_current_composition; snapshot_on_order","","confirmed","fried_piece_to_family_raw_piece_one_to_one"
"hbgxqrrybonavaigaetz","2026-07-30 15:32:51","540","65","Combo Baby Mix Frito (25 und)","combo","true","5","5","Mini Tequeños Fritos","service","true","fixed","5.000","true","false","4","","direct","expand_selected_component_then_apply_component_policy","true","parent_also_has_inventory_links","5.000 piezas","fixed_in_current_composition; snapshot_on_order","","confirmed","fried_piece_to_family_raw_piece_one_to_one"
"hbgxqrrybonavaigaetz","2026-07-30 15:32:51","541","65","Combo Baby Mix Frito (25 und)","combo","true","5","17","Bombys Fritos","service","true","fixed","5.000","true","false","5","","direct","expand_selected_component_then_apply_component_policy","true","parent_also_has_inventory_links","5.000 piezas","fixed_in_current_composition; snapshot_on_order","","confirmed","fried_piece_to_family_raw_piece_one_to_one"
"hbgxqrrybonavaigaetz","2026-07-30 15:32:51","542","65","Combo Baby Mix Frito (25 und)","combo","true","5","24","Salsa Tártara 5oz","product","true","fixed","1.000","true","false","6","","unconfigured","expand_selected_component_then_apply_component_policy","true","parent_also_has_inventory_links | component_has_no_inventory_resolution","1 porción fija","required","","confirmed","inventory_item_8:Salsa Tártara 5oz"
"hbgxqrrybonavaigaetz","2026-07-30 15:32:51","835","101","Combo Baby Mix Frito (25 und) Ajustado","product","true","1","5","Mini Tequeños Fritos","service","true","fixed","5.000","true","false","1","","direct","expand_selected_component_then_apply_component_policy","true","parent_also_has_inventory_links","5.000 piezas","fixed_in_current_composition; snapshot_on_order","La composición ajustada puede cambiar; la orden conserva el snapshot real.","confirmed","fried_piece_to_family_raw_piece_one_to_one"
"hbgxqrrybonavaigaetz","2026-07-30 15:32:51","836","101","Combo Baby Mix Frito (25 und) Ajustado","product","true","1","11","Cachitas Fritas","service","true","fixed","10.000","true","false","2","","direct","expand_selected_component_then_apply_component_policy","true","parent_also_has_inventory_links","10.000 piezas","fixed_in_current_composition; snapshot_on_order","La composición ajustada puede cambiar; la orden conserva el snapshot real.","confirmed","fried_piece_to_family_raw_piece_one_to_one"
"hbgxqrrybonavaigaetz","2026-07-30 15:32:51","837","101","Combo Baby Mix Frito (25 und) Ajustado","product","true","1","14","Mandocas Fritas","service","true","fixed","5.000","true","false","3","","direct","expand_selected_component_then_apply_component_policy","true","parent_also_has_inventory_links","5.000 piezas","fixed_in_current_composition; snapshot_on_order","La composición ajustada puede cambiar; la orden conserva el snapshot real.","confirmed","fried_piece_to_family_raw_piece_one_to_one"
"hbgxqrrybonavaigaetz","2026-07-30 15:32:51","838","101","Combo Baby Mix Frito (25 und) Ajustado","product","true","1","17","Bombys Fritos","service","true","fixed","5.000","true","false","4","","direct","expand_selected_component_then_apply_component_policy","true","parent_also_has_inventory_links","5.000 piezas","fixed_in_current_composition; snapshot_on_order","La composición ajustada puede cambiar; la orden conserva el snapshot real.","confirmed","fried_piece_to_family_raw_piece_one_to_one"
"hbgxqrrybonavaigaetz","2026-07-30 15:32:51","839","101","Combo Baby Mix Frito (25 und) Ajustado","product","true","1","24","Salsa Tártara 5oz","product","true","fixed","1.000","true","false","5","","unconfigured","expand_selected_component_then_apply_component_policy","true","parent_also_has_inventory_links | component_has_no_inventory_resolution","1 porción fija","required","La composición ajustada puede cambiar; la orden conserva el snapshot real.","confirmed","inventory_item_8:Salsa Tártara 5oz"
"hbgxqrrybonavaigaetz","2026-07-30 15:32:51","543","67","Combo Rumba Mix Frito (76 und)","combo","true","0","5","Mini Tequeños Fritos","service","true","fixed","20.000","true","false","1","","direct","expand_selected_component_then_apply_component_policy","false","","20.000 piezas","fixed_in_current_composition; snapshot_on_order","","confirmed","fried_piece_to_family_raw_piece_one_to_one"
"hbgxqrrybonavaigaetz","2026-07-30 15:32:51","544","67","Combo Rumba Mix Frito (76 und)","combo","true","0","17","Bombys Fritos","service","true","fixed","20.000","true","false","2","","direct","expand_selected_component_then_apply_component_policy","false","","20.000 piezas","fixed_in_current_composition; snapshot_on_order","","confirmed","fried_piece_to_family_raw_piece_one_to_one"
"hbgxqrrybonavaigaetz","2026-07-30 15:32:51","545","67","Combo Rumba Mix Frito (76 und)","combo","true","0","8","Empanadas Fritas","service","true","fixed","12.000","true","false","3","","direct","expand_selected_component_then_apply_component_policy","false","","12.000 piezas","fixed_in_current_composition; snapshot_on_order","","confirmed","fried_piece_to_family_raw_piece_one_to_one"
"hbgxqrrybonavaigaetz","2026-07-30 15:32:51","546","67","Combo Rumba Mix Frito (76 und)","combo","true","0","11","Cachitas Fritas","service","true","fixed","12.000","true","false","4","","direct","expand_selected_component_then_apply_component_policy","false","","12.000 piezas","fixed_in_current_composition; snapshot_on_order","","confirmed","fried_piece_to_family_raw_piece_one_to_one"
"hbgxqrrybonavaigaetz","2026-07-30 15:32:51","547","67","Combo Rumba Mix Frito (76 und)","combo","true","0","14","Mandocas Fritas","service","true","fixed","12.000","true","false","5","","direct","expand_selected_component_then_apply_component_policy","false","","12.000 piezas","fixed_in_current_composition; snapshot_on_order","","confirmed","fried_piece_to_family_raw_piece_one_to_one"
"hbgxqrrybonavaigaetz","2026-07-30 15:32:51","548","67","Combo Rumba Mix Frito (76 und)","combo","true","0","24","Salsa Tártara 5oz","product","true","fixed","1.000","true","false","6","","unconfigured","expand_selected_component_then_apply_component_policy","true","component_has_no_inventory_resolution","1 porción fija","required","","confirmed","inventory_item_8:Salsa Tártara 5oz"
"hbgxqrrybonavaigaetz","2026-07-30 15:32:51","830","104","Combo Rumba Mix Frito (76 und) Ajustado","product","true","1","5","Mini Tequeños Fritos","service","true","fixed","20.000","true","false","1","","direct","expand_selected_component_then_apply_component_policy","true","parent_also_has_inventory_links","20.000 piezas","fixed_in_current_composition; snapshot_on_order","La composición ajustada puede cambiar; la orden conserva el snapshot real.","confirmed","fried_piece_to_family_raw_piece_one_to_one"
"hbgxqrrybonavaigaetz","2026-07-30 15:32:51","831","104","Combo Rumba Mix Frito (76 und) Ajustado","product","true","1","11","Cachitas Fritas","service","true","fixed","24.000","true","false","2","","direct","expand_selected_component_then_apply_component_policy","true","parent_also_has_inventory_links","24.000 piezas","fixed_in_current_composition; snapshot_on_order","La composición ajustada puede cambiar; la orden conserva el snapshot real.","confirmed","fried_piece_to_family_raw_piece_one_to_one"
"hbgxqrrybonavaigaetz","2026-07-30 15:32:51","832","104","Combo Rumba Mix Frito (76 und) Ajustado","product","true","1","14","Mandocas Fritas","service","true","fixed","12.000","true","false","3","","direct","expand_selected_component_then_apply_component_policy","true","parent_also_has_inventory_links","12.000 piezas","fixed_in_current_composition; snapshot_on_order","La composición ajustada puede cambiar; la orden conserva el snapshot real.","confirmed","fried_piece_to_family_raw_piece_one_to_one"
"hbgxqrrybonavaigaetz","2026-07-30 15:32:51","833","104","Combo Rumba Mix Frito (76 und) Ajustado","product","true","1","17","Bombys Fritos","service","true","fixed","20.000","true","false","4","","direct","expand_selected_component_then_apply_component_policy","true","parent_also_has_inventory_links","20.000 piezas","fixed_in_current_composition; snapshot_on_order","La composición ajustada puede cambiar; la orden conserva el snapshot real.","confirmed","fried_piece_to_family_raw_piece_one_to_one"
"hbgxqrrybonavaigaetz","2026-07-30 15:32:51","834","104","Combo Rumba Mix Frito (76 und) Ajustado","product","true","1","24","Salsa Tártara 5oz","product","true","fixed","1.000","true","false","5","","unconfigured","expand_selected_component_then_apply_component_policy","true","parent_also_has_inventory_links | component_has_no_inventory_resolution","1 porción fija","required","La composición ajustada puede cambiar; la orden conserva el snapshot real.","confirmed","inventory_item_8:Salsa Tártara 5oz"
"hbgxqrrybonavaigaetz","2026-07-30 15:32:51","531","66","Combo Sexy Mix Frito (50 und)","combo","true","0","5","Mini Tequeños Fritos","service","true","fixed","10.000","true","false","1","","direct","expand_selected_component_then_apply_component_policy","false","","10.000 piezas","fixed_in_current_composition; snapshot_on_order","","confirmed","fried_piece_to_family_raw_piece_one_to_one"
"hbgxqrrybonavaigaetz","2026-07-30 15:32:51","532","66","Combo Sexy Mix Frito (50 und)","combo","true","0","8","Empanadas Fritas","service","true","fixed","10.000","true","false","2","","direct","expand_selected_component_then_apply_component_policy","false","","10.000 piezas","fixed_in_current_composition; snapshot_on_order","","confirmed","fried_piece_to_family_raw_piece_one_to_one"
"hbgxqrrybonavaigaetz","2026-07-30 15:32:51","533","66","Combo Sexy Mix Frito (50 und)","combo","true","0","11","Cachitas Fritas","service","true","fixed","10.000","true","false","3","","direct","expand_selected_component_then_apply_component_policy","false","","10.000 piezas","fixed_in_current_composition; snapshot_on_order","","confirmed","fried_piece_to_family_raw_piece_one_to_one"
"hbgxqrrybonavaigaetz","2026-07-30 15:32:51","534","66","Combo Sexy Mix Frito (50 und)","combo","true","0","14","Mandocas Fritas","service","true","fixed","10.000","true","false","4","","direct","expand_selected_component_then_apply_component_policy","false","","10.000 piezas","fixed_in_current_composition; snapshot_on_order","","confirmed","fried_piece_to_family_raw_piece_one_to_one"
"hbgxqrrybonavaigaetz","2026-07-30 15:32:51","535","66","Combo Sexy Mix Frito (50 und)","combo","true","0","17","Bombys Fritos","service","true","fixed","10.000","true","false","5","","direct","expand_selected_component_then_apply_component_policy","false","","10.000 piezas","fixed_in_current_composition; snapshot_on_order","","confirmed","fried_piece_to_family_raw_piece_one_to_one"
"hbgxqrrybonavaigaetz","2026-07-30 15:32:51","536","66","Combo Sexy Mix Frito (50 und)","combo","true","0","24","Salsa Tártara 5oz","product","true","fixed","1.000","true","false","6","","unconfigured","expand_selected_component_then_apply_component_policy","true","component_has_no_inventory_resolution","1 porción fija","required","","confirmed","inventory_item_8:Salsa Tártara 5oz"
"hbgxqrrybonavaigaetz","2026-07-30 15:32:51","840","100","Combo Sexy Mix Frito (50 und) Ajustado","product","true","1","5","Mini Tequeños Fritos","service","true","fixed","10.000","true","false","1","","direct","expand_selected_component_then_apply_component_policy","true","parent_also_has_inventory_links","10.000 piezas","fixed_in_current_composition; snapshot_on_order","La composición ajustada puede cambiar; la orden conserva el snapshot real.","confirmed","fried_piece_to_family_raw_piece_one_to_one"
"hbgxqrrybonavaigaetz","2026-07-30 15:32:51","841","100","Combo Sexy Mix Frito (50 und) Ajustado","product","true","1","11","Cachitas Fritas","service","true","fixed","20.000","true","false","2","","direct","expand_selected_component_then_apply_component_policy","true","parent_also_has_inventory_links","20.000 piezas","fixed_in_current_composition; snapshot_on_order","La composición ajustada puede cambiar; la orden conserva el snapshot real.","confirmed","fried_piece_to_family_raw_piece_one_to_one"
"hbgxqrrybonavaigaetz","2026-07-30 15:32:51","842","100","Combo Sexy Mix Frito (50 und) Ajustado","product","true","1","14","Mandocas Fritas","service","true","fixed","10.000","true","false","3","","direct","expand_selected_component_then_apply_component_policy","true","parent_also_has_inventory_links","10.000 piezas","fixed_in_current_composition; snapshot_on_order","La composición ajustada puede cambiar; la orden conserva el snapshot real.","confirmed","fried_piece_to_family_raw_piece_one_to_one"
"hbgxqrrybonavaigaetz","2026-07-30 15:32:51","843","100","Combo Sexy Mix Frito (50 und) Ajustado","product","true","1","17","Bombys Fritos","service","true","fixed","10.000","true","false","4","","direct","expand_selected_component_then_apply_component_policy","true","parent_also_has_inventory_links","10.000 piezas","fixed_in_current_composition; snapshot_on_order","La composición ajustada puede cambiar; la orden conserva el snapshot real.","confirmed","fried_piece_to_family_raw_piece_one_to_one"
"hbgxqrrybonavaigaetz","2026-07-30 15:32:51","844","100","Combo Sexy Mix Frito (50 und) Ajustado","product","true","1","24","Salsa Tártara 5oz","product","true","fixed","1.000","true","false","5","","unconfigured","expand_selected_component_then_apply_component_policy","true","parent_also_has_inventory_links | component_has_no_inventory_resolution","1 porción fija","required","La composición ajustada puede cambiar; la orden conserva el snapshot real.","confirmed","inventory_item_8:Salsa Tártara 5oz"
"hbgxqrrybonavaigaetz","2026-07-30 15:32:51","245","60","Mixto Bombys + Mandocas Frito","service","true","2","17","Bombys Fritos","service","true","fixed","12.000","true","true","10","Composición fija de mixto","direct","expand_selected_component_then_apply_component_policy","true","parent_also_has_inventory_links","12.000 piezas descriptivas","fixed; full_service_only","Esta relación describe el mixto; no genera movimiento adicional al enlace directo del padre.","confirmed","parent_direct_policy_is_inventory_authority"
"hbgxqrrybonavaigaetz","2026-07-30 15:32:51","246","60","Mixto Bombys + Mandocas Frito","service","true","2","14","Mandocas Fritas","service","true","fixed","12.000","true","true","20","Composición fija de mixto","direct","expand_selected_component_then_apply_component_policy","true","parent_also_has_inventory_links","12.000 piezas descriptivas","fixed; full_service_only","Esta relación describe el mixto; no genera movimiento adicional al enlace directo del padre.","confirmed","parent_direct_policy_is_inventory_authority"
"hbgxqrrybonavaigaetz","2026-07-30 15:32:51","237","56","Mixto Cachitas + Bombys Frito","service","true","2","11","Cachitas Fritas","service","true","fixed","10.000","true","true","10","Composición fija de mixto","direct","expand_selected_component_then_apply_component_policy","true","parent_also_has_inventory_links","10.000 piezas descriptivas","fixed; full_service_only","Esta relación describe el mixto; no genera movimiento adicional al enlace directo del padre.","confirmed","parent_direct_policy_is_inventory_authority"
"hbgxqrrybonavaigaetz","2026-07-30 15:32:51","238","56","Mixto Cachitas + Bombys Frito","service","true","2","17","Bombys Fritos","service","true","fixed","12.000","true","true","20","Composición fija de mixto","direct","expand_selected_component_then_apply_component_policy","true","parent_also_has_inventory_links","12.000 piezas descriptivas","fixed; full_service_only","Esta relación describe el mixto; no genera movimiento adicional al enlace directo del padre.","confirmed","parent_direct_policy_is_inventory_authority"
"hbgxqrrybonavaigaetz","2026-07-30 15:32:51","235","55","Mixto Cachitas + Empanadas Frito","service","true","2","11","Cachitas Fritas","service","true","fixed","10.000","true","true","10","Composición fija de mixto","direct","expand_selected_component_then_apply_component_policy","true","parent_also_has_inventory_links","10.000 piezas descriptivas","fixed; full_service_only","Esta relación describe el mixto; no genera movimiento adicional al enlace directo del padre.","confirmed","parent_direct_policy_is_inventory_authority"
"hbgxqrrybonavaigaetz","2026-07-30 15:32:51","236","55","Mixto Cachitas + Empanadas Frito","service","true","2","8","Empanadas Fritas","service","true","fixed","10.000","true","true","20","Composición fija de mixto","direct","expand_selected_component_then_apply_component_policy","true","parent_also_has_inventory_links","10.000 piezas descriptivas","fixed; full_service_only","Esta relación describe el mixto; no genera movimiento adicional al enlace directo del padre.","confirmed","parent_direct_policy_is_inventory_authority"
"hbgxqrrybonavaigaetz","2026-07-30 15:32:51","239","57","Mixto Cachitas + Mandocas Frito","service","true","2","11","Cachitas Fritas","service","true","fixed","10.000","true","true","10","Composición fija de mixto","direct","expand_selected_component_then_apply_component_policy","true","parent_also_has_inventory_links","10.000 piezas descriptivas","fixed; full_service_only","Esta relación describe el mixto; no genera movimiento adicional al enlace directo del padre.","confirmed","parent_direct_policy_is_inventory_authority"
"hbgxqrrybonavaigaetz","2026-07-30 15:32:51","240","57","Mixto Cachitas + Mandocas Frito","service","true","2","14","Mandocas Fritas","service","true","fixed","12.000","true","true","20","Composición fija de mixto","direct","expand_selected_component_then_apply_component_policy","true","parent_also_has_inventory_links","12.000 piezas descriptivas","fixed; full_service_only","Esta relación describe el mixto; no genera movimiento adicional al enlace directo del padre.","confirmed","parent_direct_policy_is_inventory_authority"
"hbgxqrrybonavaigaetz","2026-07-30 15:32:51","241","58","Mixto Empanadas + Bombys Frito","service","true","2","8","Empanadas Fritas","service","true","fixed","10.000","true","true","10","Composición fija de mixto","direct","expand_selected_component_then_apply_component_policy","true","parent_also_has_inventory_links","10.000 piezas descriptivas","fixed; full_service_only","Esta relación describe el mixto; no genera movimiento adicional al enlace directo del padre.","confirmed","parent_direct_policy_is_inventory_authority"
"hbgxqrrybonavaigaetz","2026-07-30 15:32:51","242","58","Mixto Empanadas + Bombys Frito","service","true","2","17","Bombys Fritos","service","true","fixed","12.000","true","true","20","Composición fija de mixto","direct","expand_selected_component_then_apply_component_policy","true","parent_also_has_inventory_links","12.000 piezas descriptivas","fixed; full_service_only","Esta relación describe el mixto; no genera movimiento adicional al enlace directo del padre.","confirmed","parent_direct_policy_is_inventory_authority"
"hbgxqrrybonavaigaetz","2026-07-30 15:32:51","243","59","Mixto Empanadas + Mandocas Frito","service","true","2","8","Empanadas Fritas","service","true","fixed","10.000","true","true","10","Composición fija de mixto","direct","expand_selected_component_then_apply_component_policy","true","parent_also_has_inventory_links","10.000 piezas descriptivas","fixed; full_service_only","Esta relación describe el mixto; no genera movimiento adicional al enlace directo del padre.","confirmed","parent_direct_policy_is_inventory_authority"
"hbgxqrrybonavaigaetz","2026-07-30 15:32:51","244","59","Mixto Empanadas + Mandocas Frito","service","true","2","14","Mandocas Fritas","service","true","fixed","12.000","true","true","20","Composición fija de mixto","direct","expand_selected_component_then_apply_component_policy","true","parent_also_has_inventory_links","12.000 piezas descriptivas","fixed; full_service_only","Esta relación describe el mixto; no genera movimiento adicional al enlace directo del padre.","confirmed","parent_direct_policy_is_inventory_authority"
"hbgxqrrybonavaigaetz","2026-07-30 15:32:51","231","53","Mixto Mini Tequeños + Bombys Frito","service","true","2","5","Mini Tequeños Fritos","service","true","fixed","12.000","true","true","10","Composición fija de mixto","direct","expand_selected_component_then_apply_component_policy","true","parent_also_has_inventory_links","12.000 piezas descriptivas","fixed; full_service_only","Esta relación describe el mixto; no genera movimiento adicional al enlace directo del padre.","confirmed","parent_direct_policy_is_inventory_authority"
"hbgxqrrybonavaigaetz","2026-07-30 15:32:51","232","53","Mixto Mini Tequeños + Bombys Frito","service","true","2","17","Bombys Fritos","service","true","fixed","12.000","true","true","20","Composición fija de mixto","direct","expand_selected_component_then_apply_component_policy","true","parent_also_has_inventory_links","12.000 piezas descriptivas","fixed; full_service_only","Esta relación describe el mixto; no genera movimiento adicional al enlace directo del padre.","confirmed","parent_direct_policy_is_inventory_authority"
"hbgxqrrybonavaigaetz","2026-07-30 15:32:51","229","52","Mixto Mini Tequeños + Cachitas Frito","service","true","2","5","Mini Tequeños Fritos","service","true","fixed","12.000","true","true","10","Composición fija de mixto","direct","expand_selected_component_then_apply_component_policy","true","parent_also_has_inventory_links","12.000 piezas descriptivas","fixed; full_service_only","Esta relación describe el mixto; no genera movimiento adicional al enlace directo del padre.","confirmed","parent_direct_policy_is_inventory_authority"
"hbgxqrrybonavaigaetz","2026-07-30 15:32:51","230","52","Mixto Mini Tequeños + Cachitas Frito","service","true","2","11","Cachitas Fritas","service","true","fixed","10.000","true","true","20","Composición fija de mixto","direct","expand_selected_component_then_apply_component_policy","true","parent_also_has_inventory_links","10.000 piezas descriptivas","fixed; full_service_only","Esta relación describe el mixto; no genera movimiento adicional al enlace directo del padre.","confirmed","parent_direct_policy_is_inventory_authority"
"hbgxqrrybonavaigaetz","2026-07-30 15:32:51","227","51","Mixto Mini Tequeños + Empanadas Frito","service","true","2","5","Mini Tequeños Fritos","service","true","fixed","12.000","true","true","10","Composición fija de mixto","direct","expand_selected_component_then_apply_component_policy","true","parent_also_has_inventory_links","12.000 piezas descriptivas","fixed; full_service_only","Esta relación describe el mixto; no genera movimiento adicional al enlace directo del padre.","confirmed","parent_direct_policy_is_inventory_authority"
"hbgxqrrybonavaigaetz","2026-07-30 15:32:51","228","51","Mixto Mini Tequeños + Empanadas Frito","service","true","2","8","Empanadas Fritas","service","true","fixed","10.000","true","true","20","Composición fija de mixto","direct","expand_selected_component_then_apply_component_policy","true","parent_also_has_inventory_links","10.000 piezas descriptivas","fixed; full_service_only","Esta relación describe el mixto; no genera movimiento adicional al enlace directo del padre.","confirmed","parent_direct_policy_is_inventory_authority"
"hbgxqrrybonavaigaetz","2026-07-30 15:32:51","233","54","Mixto Mini Tequeños + Mandocas Frito","service","true","2","5","Mini Tequeños Fritos","service","true","fixed","12.000","true","true","10","Composición fija de mixto","direct","expand_selected_component_then_apply_component_policy","true","parent_also_has_inventory_links","12.000 piezas descriptivas","fixed; full_service_only","Esta relación describe el mixto; no genera movimiento adicional al enlace directo del padre.","confirmed","parent_direct_policy_is_inventory_authority"
"hbgxqrrybonavaigaetz","2026-07-30 15:32:51","234","54","Mixto Mini Tequeños + Mandocas Frito","service","true","2","14","Mandocas Fritas","service","true","fixed","12.000","true","true","20","Composición fija de mixto","direct","expand_selected_component_then_apply_component_policy","true","parent_also_has_inventory_links","12.000 piezas descriptivas","fixed; full_service_only","Esta relación describe el mixto; no genera movimiento adicional al enlace directo del padre.","confirmed","parent_direct_policy_is_inventory_authority"
"hbgxqrrybonavaigaetz","2026-07-30 15:32:51","596","105","Pack para Eventos","product","true","0","5","Mini Tequeños Fritos","service","true","selectable","1.000","true","true","1","","direct","expand_selected_component_then_apply_component_policy","false","","cantidad entera abierta definida para el evento","open_quantity; snapshot_on_order","El modelo futuro debe agregar Mandocas y admitir salsa, bebidas, stand y servicio sin límite total fijo.","confirmed_requires_reconfiguration","fried_piece_to_family_raw_piece_one_to_one"
"hbgxqrrybonavaigaetz","2026-07-30 15:32:51","597","105","Pack para Eventos","product","true","0","8","Empanadas Fritas","service","true","selectable","1.000","true","true","2","","direct","expand_selected_component_then_apply_component_policy","false","","cantidad entera abierta definida para el evento","open_quantity; snapshot_on_order","El modelo futuro debe agregar Mandocas y admitir salsa, bebidas, stand y servicio sin límite total fijo.","confirmed_requires_reconfiguration","fried_piece_to_family_raw_piece_one_to_one"
"hbgxqrrybonavaigaetz","2026-07-30 15:32:51","598","105","Pack para Eventos","product","true","0","11","Cachitas Fritas","service","true","selectable","1.000","true","true","3","","direct","expand_selected_component_then_apply_component_policy","false","","cantidad entera abierta definida para el evento","open_quantity; snapshot_on_order","El modelo futuro debe agregar Mandocas y admitir salsa, bebidas, stand y servicio sin límite total fijo.","confirmed_requires_reconfiguration","fried_piece_to_family_raw_piece_one_to_one"
"hbgxqrrybonavaigaetz","2026-07-30 15:32:51","599","105","Pack para Eventos","product","true","0","17","Bombys Fritos","service","true","selectable","1.000","true","true","4","","direct","expand_selected_component_then_apply_component_policy","false","","cantidad entera abierta definida para el evento","open_quantity; snapshot_on_order","El modelo futuro debe agregar Mandocas y admitir salsa, bebidas, stand y servicio sin límite total fijo.","confirmed_requires_reconfiguration","fried_piece_to_family_raw_piece_one_to_one"
"hbgxqrrybonavaigaetz","2026-07-30 15:32:51","285","92","Sigle pack 6 aniversario","gambit","false","0","5","Mini Tequeños Fritos","service","true","selectable","1.000","true","true","1","","direct","expand_selected_component_then_apply_component_policy","false","","cantidad entera seleccionada por el cliente","sum_selected_fried_pieces=6","","confirmed","selected_fried_piece_to_family_raw_piece_one_to_one"
"hbgxqrrybonavaigaetz","2026-07-30 15:32:51","286","92","Sigle pack 6 aniversario","gambit","false","0","8","Empanadas Fritas","service","true","selectable","1.000","true","true","2","","direct","expand_selected_component_then_apply_component_policy","false","","cantidad entera seleccionada por el cliente","sum_selected_fried_pieces=6","","confirmed","selected_fried_piece_to_family_raw_piece_one_to_one"
"hbgxqrrybonavaigaetz","2026-07-30 15:32:51","287","92","Sigle pack 6 aniversario","gambit","false","0","11","Cachitas Fritas","service","true","selectable","1.000","true","true","3","","direct","expand_selected_component_then_apply_component_policy","false","","cantidad entera seleccionada por el cliente","sum_selected_fried_pieces=6","","confirmed","selected_fried_piece_to_family_raw_piece_one_to_one"
"hbgxqrrybonavaigaetz","2026-07-30 15:32:51","288","92","Sigle pack 6 aniversario","gambit","false","0","14","Mandocas Fritas","service","true","selectable","1.000","true","true","4","","direct","expand_selected_component_then_apply_component_policy","false","","cantidad entera seleccionada por el cliente","sum_selected_fried_pieces=6","","confirmed","selected_fried_piece_to_family_raw_piece_one_to_one"
"hbgxqrrybonavaigaetz","2026-07-30 15:32:51","289","92","Sigle pack 6 aniversario","gambit","false","0","17","Bombys Fritos","service","true","selectable","1.000","true","true","5","","direct","expand_selected_component_then_apply_component_policy","false","","cantidad entera seleccionada por el cliente","sum_selected_fried_pieces=6","","confirmed","selected_fried_piece_to_family_raw_piece_one_to_one"
"hbgxqrrybonavaigaetz","2026-07-30 15:32:51","290","92","Sigle pack 6 aniversario","gambit","false","0","2","Salsa Tártara 1oz","product","true","fixed","1.000","true","false","6","","self","expand_selected_component_then_apply_component_policy","false","","1 porción solo si fue elegida","optional; outside_piece_total","","confirmed","inventory_item_9:Salsa Tártara 1oz"
"hbgxqrrybonavaigaetz","2026-07-30 15:32:51","247","1","Single Pack (10 und)","combo","true","0","5","Mini Tequeños Fritos","service","true","selectable","1.000","true","true","1","","direct","expand_selected_component_then_apply_component_policy","false","","cantidad entera seleccionada por el cliente","sum_selected_fried_pieces=10","","confirmed","selected_fried_piece_to_family_raw_piece_one_to_one"
"hbgxqrrybonavaigaetz","2026-07-30 15:32:51","248","1","Single Pack (10 und)","combo","true","0","8","Empanadas Fritas","service","true","selectable","1.000","true","true","2","","direct","expand_selected_component_then_apply_component_policy","false","","cantidad entera seleccionada por el cliente","sum_selected_fried_pieces=10","","confirmed","selected_fried_piece_to_family_raw_piece_one_to_one"
"hbgxqrrybonavaigaetz","2026-07-30 15:32:51","249","1","Single Pack (10 und)","combo","true","0","11","Cachitas Fritas","service","true","selectable","1.000","true","true","3","","direct","expand_selected_component_then_apply_component_policy","false","","cantidad entera seleccionada por el cliente","sum_selected_fried_pieces=10","","confirmed","selected_fried_piece_to_family_raw_piece_one_to_one"
"hbgxqrrybonavaigaetz","2026-07-30 15:32:51","250","1","Single Pack (10 und)","combo","true","0","14","Mandocas Fritas","service","true","selectable","1.000","true","true","4","","direct","expand_selected_component_then_apply_component_policy","false","","cantidad entera seleccionada por el cliente","sum_selected_fried_pieces=10","","confirmed","selected_fried_piece_to_family_raw_piece_one_to_one"
"hbgxqrrybonavaigaetz","2026-07-30 15:32:51","251","1","Single Pack (10 und)","combo","true","0","17","Bombys Fritos","service","true","selectable","1.000","true","true","5","","direct","expand_selected_component_then_apply_component_policy","false","","cantidad entera seleccionada por el cliente","sum_selected_fried_pieces=10","","confirmed","selected_fried_piece_to_family_raw_piece_one_to_one"
"hbgxqrrybonavaigaetz","2026-07-30 15:32:51","252","1","Single Pack (10 und)","combo","true","0","2","Salsa Tártara 1oz","product","true","fixed","1.000","false","false","6","Salsa opcional 1oz","self","expand_selected_component_then_apply_component_policy","false","","1 porción solo si fue elegida","optional; outside_piece_total","","confirmed","inventory_item_9:Salsa Tártara 1oz"
"hbgxqrrybonavaigaetz","2026-07-30 15:32:51","704","126","Single Pack (10 und) Aniversario","gambit","true","0","2","Salsa Tártara 1oz","product","true","fixed","1.000","false","false","1","","self","expand_selected_component_then_apply_component_policy","false","","1 porción solo si fue elegida","optional; outside_piece_total","","confirmed","inventory_item_9:Salsa Tártara 1oz"
"hbgxqrrybonavaigaetz","2026-07-30 15:32:51","705","126","Single Pack (10 und) Aniversario","gambit","true","0","5","Mini Tequeños Fritos","service","true","selectable","1.000","true","true","2","","direct","expand_selected_component_then_apply_component_policy","false","","cantidad entera seleccionada por el cliente","sum_selected_fried_pieces=10","","confirmed","selected_fried_piece_to_family_raw_piece_one_to_one"
"hbgxqrrybonavaigaetz","2026-07-30 15:32:51","706","126","Single Pack (10 und) Aniversario","gambit","true","0","8","Empanadas Fritas","service","true","selectable","1.000","true","true","3","","direct","expand_selected_component_then_apply_component_policy","false","","cantidad entera seleccionada por el cliente","sum_selected_fried_pieces=10","","confirmed","selected_fried_piece_to_family_raw_piece_one_to_one"
"hbgxqrrybonavaigaetz","2026-07-30 15:32:51","707","126","Single Pack (10 und) Aniversario","gambit","true","0","11","Cachitas Fritas","service","true","selectable","1.000","true","true","4","","direct","expand_selected_component_then_apply_component_policy","false","","cantidad entera seleccionada por el cliente","sum_selected_fried_pieces=10","","confirmed","selected_fried_piece_to_family_raw_piece_one_to_one"
"hbgxqrrybonavaigaetz","2026-07-30 15:32:51","708","126","Single Pack (10 und) Aniversario","gambit","true","0","14","Mandocas Fritas","service","true","selectable","1.000","true","true","5","","direct","expand_selected_component_then_apply_component_policy","false","","cantidad entera seleccionada por el cliente","sum_selected_fried_pieces=10","","confirmed","selected_fried_piece_to_family_raw_piece_one_to_one"
"hbgxqrrybonavaigaetz","2026-07-30 15:32:51","709","126","Single Pack (10 und) Aniversario","gambit","true","0","17","Bombys Fritos","service","true","selectable","1.000","true","true","6","","direct","expand_selected_component_then_apply_component_policy","false","","cantidad entera seleccionada por el cliente","sum_selected_fried_pieces=10","","confirmed","selected_fried_piece_to_family_raw_piece_one_to_one"
"hbgxqrrybonavaigaetz","2026-07-30 15:32:51","764","160","Single Pack (10 und) LC","gambit","true","0","2","Salsa Tártara 1oz","product","true","fixed","1.000","false","false","1","","self","expand_selected_component_then_apply_component_policy","false","","1 porción solo si fue elegida","optional; outside_piece_total","","confirmed","inventory_item_9:Salsa Tártara 1oz"
"hbgxqrrybonavaigaetz","2026-07-30 15:32:51","765","160","Single Pack (10 und) LC","gambit","true","0","5","Mini Tequeños Fritos","service","true","selectable","1.000","true","true","2","","direct","expand_selected_component_then_apply_component_policy","false","","cantidad entera seleccionada por el cliente","sum_selected_fried_pieces=10","","confirmed","selected_fried_piece_to_family_raw_piece_one_to_one"
"hbgxqrrybonavaigaetz","2026-07-30 15:32:51","766","160","Single Pack (10 und) LC","gambit","true","0","11","Cachitas Fritas","service","true","selectable","1.000","true","true","3","","direct","expand_selected_component_then_apply_component_policy","false","","cantidad entera seleccionada por el cliente","sum_selected_fried_pieces=10","","confirmed","selected_fried_piece_to_family_raw_piece_one_to_one"
"hbgxqrrybonavaigaetz","2026-07-30 15:32:51","767","160","Single Pack (10 und) LC","gambit","true","0","14","Mandocas Fritas","service","true","selectable","1.000","true","true","4","","direct","expand_selected_component_then_apply_component_policy","false","","cantidad entera seleccionada por el cliente","sum_selected_fried_pieces=10","","confirmed","selected_fried_piece_to_family_raw_piece_one_to_one"
"hbgxqrrybonavaigaetz","2026-07-30 15:32:51","768","160","Single Pack (10 und) LC","gambit","true","0","8","Empanadas Fritas","service","true","selectable","1.000","true","true","5","","direct","expand_selected_component_then_apply_component_policy","false","","cantidad entera seleccionada por el cliente","sum_selected_fried_pieces=10","","confirmed","selected_fried_piece_to_family_raw_piece_one_to_one"
"hbgxqrrybonavaigaetz","2026-07-30 15:32:51","769","160","Single Pack (10 und) LC","gambit","true","0","17","Bombys Fritos","service","true","selectable","1.000","true","true","6","","direct","expand_selected_component_then_apply_component_policy","false","","cantidad entera seleccionada por el cliente","sum_selected_fried_pieces=10","","confirmed","selected_fried_piece_to_family_raw_piece_one_to_one"
"hbgxqrrybonavaigaetz","2026-07-30 15:32:51","728","144","Single Pack (10 und) Loyal","gambit","true","0","2","Salsa Tártara 1oz","product","true","fixed","1.000","false","false","1","","self","expand_selected_component_then_apply_component_policy","false","","1 porción solo si fue elegida","optional; outside_piece_total","","confirmed","inventory_item_9:Salsa Tártara 1oz"
"hbgxqrrybonavaigaetz","2026-07-30 15:32:51","729","144","Single Pack (10 und) Loyal","gambit","true","0","5","Mini Tequeños Fritos","service","true","selectable","1.000","true","true","2","","direct","expand_selected_component_then_apply_component_policy","false","","cantidad entera seleccionada por el cliente","sum_selected_fried_pieces=10","","confirmed","selected_fried_piece_to_family_raw_piece_one_to_one"
"hbgxqrrybonavaigaetz","2026-07-30 15:32:51","730","144","Single Pack (10 und) Loyal","gambit","true","0","11","Cachitas Fritas","service","true","selectable","1.000","true","true","3","","direct","expand_selected_component_then_apply_component_policy","false","","cantidad entera seleccionada por el cliente","sum_selected_fried_pieces=10","","confirmed","selected_fried_piece_to_family_raw_piece_one_to_one"
"hbgxqrrybonavaigaetz","2026-07-30 15:32:51","731","144","Single Pack (10 und) Loyal","gambit","true","0","14","Mandocas Fritas","service","true","selectable","1.000","true","true","4","","direct","expand_selected_component_then_apply_component_policy","false","","cantidad entera seleccionada por el cliente","sum_selected_fried_pieces=10","","confirmed","selected_fried_piece_to_family_raw_piece_one_to_one"
"hbgxqrrybonavaigaetz","2026-07-30 15:32:51","732","144","Single Pack (10 und) Loyal","gambit","true","0","8","Empanadas Fritas","service","true","selectable","1.000","true","true","5","","direct","expand_selected_component_then_apply_component_policy","false","","cantidad entera seleccionada por el cliente","sum_selected_fried_pieces=10","","confirmed","selected_fried_piece_to_family_raw_piece_one_to_one"
"hbgxqrrybonavaigaetz","2026-07-30 15:32:51","733","144","Single Pack (10 und) Loyal","gambit","true","0","17","Bombys Fritos","service","true","selectable","1.000","true","true","6","","direct","expand_selected_component_then_apply_component_policy","false","","cantidad entera seleccionada por el cliente","sum_selected_fried_pieces=10","","confirmed","selected_fried_piece_to_family_raw_piece_one_to_one"
"hbgxqrrybonavaigaetz","2026-07-30 15:32:51","321","95","Single Pack (10 und) Loyal Mayo","gambit","false","0","2","Salsa Tártara 1oz","product","true","fixed","1.000","false","false","1","","self","expand_selected_component_then_apply_component_policy","false","","1 porción solo si fue elegida","optional; outside_piece_total","","confirmed","inventory_item_9:Salsa Tártara 1oz"
"hbgxqrrybonavaigaetz","2026-07-30 15:32:51","322","95","Single Pack (10 und) Loyal Mayo","gambit","false","0","5","Mini Tequeños Fritos","service","true","selectable","1.000","true","true","2","","direct","expand_selected_component_then_apply_component_policy","false","","cantidad entera seleccionada por el cliente","sum_selected_fried_pieces=10","","confirmed","selected_fried_piece_to_family_raw_piece_one_to_one"
"hbgxqrrybonavaigaetz","2026-07-30 15:32:51","323","95","Single Pack (10 und) Loyal Mayo","gambit","false","0","8","Empanadas Fritas","service","true","selectable","1.000","true","true","3","","direct","expand_selected_component_then_apply_component_policy","false","","cantidad entera seleccionada por el cliente","sum_selected_fried_pieces=10","","confirmed","selected_fried_piece_to_family_raw_piece_one_to_one"
"hbgxqrrybonavaigaetz","2026-07-30 15:32:51","324","95","Single Pack (10 und) Loyal Mayo","gambit","false","0","11","Cachitas Fritas","service","true","selectable","1.000","true","true","4","","direct","expand_selected_component_then_apply_component_policy","false","","cantidad entera seleccionada por el cliente","sum_selected_fried_pieces=10","","confirmed","selected_fried_piece_to_family_raw_piece_one_to_one"
"hbgxqrrybonavaigaetz","2026-07-30 15:32:51","325","95","Single Pack (10 und) Loyal Mayo","gambit","false","0","14","Mandocas Fritas","service","true","selectable","1.000","true","true","5","","direct","expand_selected_component_then_apply_component_policy","false","","cantidad entera seleccionada por el cliente","sum_selected_fried_pieces=10","","confirmed","selected_fried_piece_to_family_raw_piece_one_to_one"
"hbgxqrrybonavaigaetz","2026-07-30 15:32:51","326","95","Single Pack (10 und) Loyal Mayo","gambit","false","0","17","Bombys Fritos","service","true","selectable","1.000","true","true","6","","direct","expand_selected_component_then_apply_component_policy","false","","cantidad entera seleccionada por el cliente","sum_selected_fried_pieces=10","","confirmed","selected_fried_piece_to_family_raw_piece_one_to_one"
"hbgxqrrybonavaigaetz","2026-07-30 15:32:51","265","61","Single Pack (6 und)","combo","true","0","5","Mini Tequeños Fritos","service","true","selectable","1.000","true","true","10","Pieza seleccionable","direct","expand_selected_component_then_apply_component_policy","false","","cantidad entera seleccionada por el cliente","sum_selected_fried_pieces=6","","confirmed","selected_fried_piece_to_family_raw_piece_one_to_one"
"hbgxqrrybonavaigaetz","2026-07-30 15:32:51","266","61","Single Pack (6 und)","combo","true","0","8","Empanadas Fritas","service","true","selectable","1.000","true","true","20","Pieza seleccionable","direct","expand_selected_component_then_apply_component_policy","false","","cantidad entera seleccionada por el cliente","sum_selected_fried_pieces=6","","confirmed","selected_fried_piece_to_family_raw_piece_one_to_one"
"hbgxqrrybonavaigaetz","2026-07-30 15:32:51","267","61","Single Pack (6 und)","combo","true","0","11","Cachitas Fritas","service","true","selectable","1.000","true","true","30","Pieza seleccionable","direct","expand_selected_component_then_apply_component_policy","false","","cantidad entera seleccionada por el cliente","sum_selected_fried_pieces=6","","confirmed","selected_fried_piece_to_family_raw_piece_one_to_one"
"hbgxqrrybonavaigaetz","2026-07-30 15:32:51","268","61","Single Pack (6 und)","combo","true","0","14","Mandocas Fritas","service","true","selectable","1.000","true","true","40","Pieza seleccionable","direct","expand_selected_component_then_apply_component_policy","false","","cantidad entera seleccionada por el cliente","sum_selected_fried_pieces=6","","confirmed","selected_fried_piece_to_family_raw_piece_one_to_one"
"hbgxqrrybonavaigaetz","2026-07-30 15:32:51","269","61","Single Pack (6 und)","combo","true","0","17","Bombys Fritos","service","true","selectable","1.000","true","true","50","Pieza seleccionable","direct","expand_selected_component_then_apply_component_policy","false","","cantidad entera seleccionada por el cliente","sum_selected_fried_pieces=6","","confirmed","selected_fried_piece_to_family_raw_piece_one_to_one"
"hbgxqrrybonavaigaetz","2026-07-30 15:32:51","270","61","Single Pack (6 und)","combo","true","0","2","Salsa Tártara 1oz","product","true","fixed","1.000","false","false","90","Salsa opcional 1oz","self","expand_selected_component_then_apply_component_policy","false","","1 porción solo si fue elegida","optional; outside_piece_total","","confirmed","inventory_item_9:Salsa Tártara 1oz"
"hbgxqrrybonavaigaetz","2026-07-30 15:32:51","554","125","Single Pack (6 und) Aniversario","gambit","true","0","2","Salsa Tártara 1oz","product","true","fixed","1.000","false","false","1","","self","expand_selected_component_then_apply_component_policy","false","","1 porción solo si fue elegida","optional; outside_piece_total","","confirmed","inventory_item_9:Salsa Tártara 1oz"
"hbgxqrrybonavaigaetz","2026-07-30 15:32:51","555","125","Single Pack (6 und) Aniversario","gambit","true","0","5","Mini Tequeños Fritos","service","true","selectable","1.000","true","true","2","","direct","expand_selected_component_then_apply_component_policy","false","","cantidad entera seleccionada por el cliente","sum_selected_fried_pieces=6","","confirmed","selected_fried_piece_to_family_raw_piece_one_to_one"
"hbgxqrrybonavaigaetz","2026-07-30 15:32:51","556","125","Single Pack (6 und) Aniversario","gambit","true","0","8","Empanadas Fritas","service","true","selectable","1.000","true","true","3","","direct","expand_selected_component_then_apply_component_policy","false","","cantidad entera seleccionada por el cliente","sum_selected_fried_pieces=6","","confirmed","selected_fried_piece_to_family_raw_piece_one_to_one"
"hbgxqrrybonavaigaetz","2026-07-30 15:32:51","557","125","Single Pack (6 und) Aniversario","gambit","true","0","11","Cachitas Fritas","service","true","selectable","1.000","true","true","4","","direct","expand_selected_component_then_apply_component_policy","false","","cantidad entera seleccionada por el cliente","sum_selected_fried_pieces=6","","confirmed","selected_fried_piece_to_family_raw_piece_one_to_one"
"hbgxqrrybonavaigaetz","2026-07-30 15:32:51","558","125","Single Pack (6 und) Aniversario","gambit","true","0","14","Mandocas Fritas","service","true","selectable","1.000","true","true","5","","direct","expand_selected_component_then_apply_component_policy","false","","cantidad entera seleccionada por el cliente","sum_selected_fried_pieces=6","","confirmed","selected_fried_piece_to_family_raw_piece_one_to_one"
"hbgxqrrybonavaigaetz","2026-07-30 15:32:51","559","125","Single Pack (6 und) Aniversario","gambit","true","0","17","Bombys Fritos","service","true","selectable","1.000","true","true","6","","direct","expand_selected_component_then_apply_component_policy","false","","cantidad entera seleccionada por el cliente","sum_selected_fried_pieces=6","","confirmed","selected_fried_piece_to_family_raw_piece_one_to_one"
"hbgxqrrybonavaigaetz","2026-07-30 15:32:51","339","97","Single Pack (6 und) Aniversario Mayo","gambit","false","0","2","Salsa Tártara 1oz","product","true","fixed","1.000","false","false","1","","self","expand_selected_component_then_apply_component_policy","false","","1 porción solo si fue elegida","optional; outside_piece_total","","confirmed","inventory_item_9:Salsa Tártara 1oz"
"hbgxqrrybonavaigaetz","2026-07-30 15:32:51","340","97","Single Pack (6 und) Aniversario Mayo","gambit","false","0","5","Mini Tequeños Fritos","service","true","selectable","1.000","true","true","2","","direct","expand_selected_component_then_apply_component_policy","false","","cantidad entera seleccionada por el cliente","sum_selected_fried_pieces=6","","confirmed","selected_fried_piece_to_family_raw_piece_one_to_one"
"hbgxqrrybonavaigaetz","2026-07-30 15:32:51","341","97","Single Pack (6 und) Aniversario Mayo","gambit","false","0","8","Empanadas Fritas","service","true","selectable","1.000","true","true","3","","direct","expand_selected_component_then_apply_component_policy","false","","cantidad entera seleccionada por el cliente","sum_selected_fried_pieces=6","","confirmed","selected_fried_piece_to_family_raw_piece_one_to_one"
"hbgxqrrybonavaigaetz","2026-07-30 15:32:51","342","97","Single Pack (6 und) Aniversario Mayo","gambit","false","0","11","Cachitas Fritas","service","true","selectable","1.000","true","true","4","","direct","expand_selected_component_then_apply_component_policy","false","","cantidad entera seleccionada por el cliente","sum_selected_fried_pieces=6","","confirmed","selected_fried_piece_to_family_raw_piece_one_to_one"
"hbgxqrrybonavaigaetz","2026-07-30 15:32:51","343","97","Single Pack (6 und) Aniversario Mayo","gambit","false","0","14","Mandocas Fritas","service","true","selectable","1.000","true","true","5","","direct","expand_selected_component_then_apply_component_policy","false","","cantidad entera seleccionada por el cliente","sum_selected_fried_pieces=6","","confirmed","selected_fried_piece_to_family_raw_piece_one_to_one"
"hbgxqrrybonavaigaetz","2026-07-30 15:32:51","344","97","Single Pack (6 und) Aniversario Mayo","gambit","false","0","17","Bombys Fritos","service","true","selectable","1.000","true","true","6","","direct","expand_selected_component_then_apply_component_policy","false","","cantidad entera seleccionada por el cliente","sum_selected_fried_pieces=6","","confirmed","selected_fried_piece_to_family_raw_piece_one_to_one"
"hbgxqrrybonavaigaetz","2026-07-30 15:32:51","664","136","Single Pack (6 und) Cumpleaños","gambit","true","0","2","Salsa Tártara 1oz","product","true","fixed","1.000","false","false","1","","self","expand_selected_component_then_apply_component_policy","false","","1 porción solo si fue elegida","optional; outside_piece_total","","confirmed","inventory_item_9:Salsa Tártara 1oz"
"hbgxqrrybonavaigaetz","2026-07-30 15:32:51","665","136","Single Pack (6 und) Cumpleaños","gambit","true","0","5","Mini Tequeños Fritos","service","true","selectable","1.000","true","true","2","","direct","expand_selected_component_then_apply_component_policy","false","","cantidad entera seleccionada por el cliente","sum_selected_fried_pieces=6","","confirmed","selected_fried_piece_to_family_raw_piece_one_to_one"
"hbgxqrrybonavaigaetz","2026-07-30 15:32:51","666","136","Single Pack (6 und) Cumpleaños","gambit","true","0","8","Empanadas Fritas","service","true","selectable","1.000","true","true","3","","direct","expand_selected_component_then_apply_component_policy","false","","cantidad entera seleccionada por el cliente","sum_selected_fried_pieces=6","","confirmed","selected_fried_piece_to_family_raw_piece_one_to_one"
"hbgxqrrybonavaigaetz","2026-07-30 15:32:51","667","136","Single Pack (6 und) Cumpleaños","gambit","true","0","11","Cachitas Fritas","service","true","selectable","1.000","true","true","4","","direct","expand_selected_component_then_apply_component_policy","false","","cantidad entera seleccionada por el cliente","sum_selected_fried_pieces=6","","confirmed","selected_fried_piece_to_family_raw_piece_one_to_one"
"hbgxqrrybonavaigaetz","2026-07-30 15:32:51","668","136","Single Pack (6 und) Cumpleaños","gambit","true","0","14","Mandocas Fritas","service","true","selectable","1.000","true","true","5","","direct","expand_selected_component_then_apply_component_policy","false","","cantidad entera seleccionada por el cliente","sum_selected_fried_pieces=6","","confirmed","selected_fried_piece_to_family_raw_piece_one_to_one"
"hbgxqrrybonavaigaetz","2026-07-30 15:32:51","669","136","Single Pack (6 und) Cumpleaños","gambit","true","0","17","Bombys Fritos","service","true","selectable","1.000","true","true","6","","direct","expand_selected_component_then_apply_component_policy","false","","cantidad entera seleccionada por el cliente","sum_selected_fried_pieces=6","","confirmed","selected_fried_piece_to_family_raw_piece_one_to_one"
"hbgxqrrybonavaigaetz","2026-07-30 15:32:51","740","158","Single Pack (6 und) LC","gambit","true","0","2","Salsa Tártara 1oz","product","true","fixed","1.000","false","false","1","","self","expand_selected_component_then_apply_component_policy","false","","1 porción solo si fue elegida","optional; outside_piece_total","","confirmed","inventory_item_9:Salsa Tártara 1oz"
"hbgxqrrybonavaigaetz","2026-07-30 15:32:51","741","158","Single Pack (6 und) LC","gambit","true","0","5","Mini Tequeños Fritos","service","true","selectable","1.000","true","true","2","","direct","expand_selected_component_then_apply_component_policy","false","","cantidad entera seleccionada por el cliente","sum_selected_fried_pieces=6","","confirmed","selected_fried_piece_to_family_raw_piece_one_to_one"
"hbgxqrrybonavaigaetz","2026-07-30 15:32:51","742","158","Single Pack (6 und) LC","gambit","true","0","11","Cachitas Fritas","service","true","selectable","1.000","true","true","3","","direct","expand_selected_component_then_apply_component_policy","false","","cantidad entera seleccionada por el cliente","sum_selected_fried_pieces=6","","confirmed","selected_fried_piece_to_family_raw_piece_one_to_one"
"hbgxqrrybonavaigaetz","2026-07-30 15:32:51","743","158","Single Pack (6 und) LC","gambit","true","0","14","Mandocas Fritas","service","true","selectable","1.000","true","true","4","","direct","expand_selected_component_then_apply_component_policy","false","","cantidad entera seleccionada por el cliente","sum_selected_fried_pieces=6","","confirmed","selected_fried_piece_to_family_raw_piece_one_to_one"
"hbgxqrrybonavaigaetz","2026-07-30 15:32:51","744","158","Single Pack (6 und) LC","gambit","true","0","8","Empanadas Fritas","service","true","selectable","1.000","true","true","5","","direct","expand_selected_component_then_apply_component_policy","false","","cantidad entera seleccionada por el cliente","sum_selected_fried_pieces=6","","confirmed","selected_fried_piece_to_family_raw_piece_one_to_one"
"hbgxqrrybonavaigaetz","2026-07-30 15:32:51","745","158","Single Pack (6 und) LC","gambit","true","0","17","Bombys Fritos","service","true","selectable","1.000","true","true","6","","direct","expand_selected_component_then_apply_component_policy","false","","cantidad entera seleccionada por el cliente","sum_selected_fried_pieces=6","","confirmed","selected_fried_piece_to_family_raw_piece_one_to_one"
"hbgxqrrybonavaigaetz","2026-07-30 15:32:51","333","96","Single Pack (6 und) LC Mayo","gambit","false","0","2","Salsa Tártara 1oz","product","true","fixed","1.000","false","false","1","","self","expand_selected_component_then_apply_component_policy","false","","1 porción solo si fue elegida","optional; outside_piece_total","","confirmed","inventory_item_9:Salsa Tártara 1oz"
"hbgxqrrybonavaigaetz","2026-07-30 15:32:51","334","96","Single Pack (6 und) LC Mayo","gambit","false","0","5","Mini Tequeños Fritos","service","true","selectable","1.000","true","true","2","","direct","expand_selected_component_then_apply_component_policy","false","","cantidad entera seleccionada por el cliente","sum_selected_fried_pieces=6","","confirmed","selected_fried_piece_to_family_raw_piece_one_to_one"
"hbgxqrrybonavaigaetz","2026-07-30 15:32:51","335","96","Single Pack (6 und) LC Mayo","gambit","false","0","8","Empanadas Fritas","service","true","selectable","1.000","true","true","3","","direct","expand_selected_component_then_apply_component_policy","false","","cantidad entera seleccionada por el cliente","sum_selected_fried_pieces=6","","confirmed","selected_fried_piece_to_family_raw_piece_one_to_one"
"hbgxqrrybonavaigaetz","2026-07-30 15:32:51","336","96","Single Pack (6 und) LC Mayo","gambit","false","0","11","Cachitas Fritas","service","true","selectable","1.000","true","true","4","","direct","expand_selected_component_then_apply_component_policy","false","","cantidad entera seleccionada por el cliente","sum_selected_fried_pieces=6","","confirmed","selected_fried_piece_to_family_raw_piece_one_to_one"
"hbgxqrrybonavaigaetz","2026-07-30 15:32:51","337","96","Single Pack (6 und) LC Mayo","gambit","false","0","14","Mandocas Fritas","service","true","selectable","1.000","true","true","5","","direct","expand_selected_component_then_apply_component_policy","false","","cantidad entera seleccionada por el cliente","sum_selected_fried_pieces=6","","confirmed","selected_fried_piece_to_family_raw_piece_one_to_one"
"hbgxqrrybonavaigaetz","2026-07-30 15:32:51","338","96","Single Pack (6 und) LC Mayo","gambit","false","0","17","Bombys Fritos","service","true","selectable","1.000","true","true","6","","direct","expand_selected_component_then_apply_component_policy","false","","cantidad entera seleccionada por el cliente","sum_selected_fried_pieces=6","","confirmed","selected_fried_piece_to_family_raw_piece_one_to_one"
"hbgxqrrybonavaigaetz","2026-07-30 15:32:51","658","142","Single Pack (6 und) Loyal","gambit","true","0","2","Salsa Tártara 1oz","product","true","fixed","1.000","false","false","1","","self","expand_selected_component_then_apply_component_policy","false","","1 porción solo si fue elegida","optional; outside_piece_total","","confirmed","inventory_item_9:Salsa Tártara 1oz"
"hbgxqrrybonavaigaetz","2026-07-30 15:32:51","659","142","Single Pack (6 und) Loyal","gambit","true","0","5","Mini Tequeños Fritos","service","true","selectable","1.000","true","true","2","","direct","expand_selected_component_then_apply_component_policy","false","","cantidad entera seleccionada por el cliente","sum_selected_fried_pieces=6","","confirmed","selected_fried_piece_to_family_raw_piece_one_to_one"
"hbgxqrrybonavaigaetz","2026-07-30 15:32:51","660","142","Single Pack (6 und) Loyal","gambit","true","0","11","Cachitas Fritas","service","true","selectable","1.000","true","true","3","","direct","expand_selected_component_then_apply_component_policy","false","","cantidad entera seleccionada por el cliente","sum_selected_fried_pieces=6","","confirmed","selected_fried_piece_to_family_raw_piece_one_to_one"
"hbgxqrrybonavaigaetz","2026-07-30 15:32:51","661","142","Single Pack (6 und) Loyal","gambit","true","0","14","Mandocas Fritas","service","true","selectable","1.000","true","true","4","","direct","expand_selected_component_then_apply_component_policy","false","","cantidad entera seleccionada por el cliente","sum_selected_fried_pieces=6","","confirmed","selected_fried_piece_to_family_raw_piece_one_to_one"
"hbgxqrrybonavaigaetz","2026-07-30 15:32:51","662","142","Single Pack (6 und) Loyal","gambit","true","0","8","Empanadas Fritas","service","true","selectable","1.000","true","true","5","","direct","expand_selected_component_then_apply_component_policy","false","","cantidad entera seleccionada por el cliente","sum_selected_fried_pieces=6","","confirmed","selected_fried_piece_to_family_raw_piece_one_to_one"
"hbgxqrrybonavaigaetz","2026-07-30 15:32:51","663","142","Single Pack (6 und) Loyal","gambit","true","0","17","Bombys Fritos","service","true","selectable","1.000","true","true","6","","direct","expand_selected_component_then_apply_component_policy","false","","cantidad entera seleccionada por el cliente","sum_selected_fried_pieces=6","","confirmed","selected_fried_piece_to_family_raw_piece_one_to_one"
"hbgxqrrybonavaigaetz","2026-07-30 15:32:51","309","94","Single Pack (6 und) Loyal Mayo","gambit","false","0","2","Salsa Tártara 1oz","product","true","fixed","1.000","false","false","1","","self","expand_selected_component_then_apply_component_policy","false","","1 porción solo si fue elegida","optional; outside_piece_total","","confirmed","inventory_item_9:Salsa Tártara 1oz"
"hbgxqrrybonavaigaetz","2026-07-30 15:32:51","310","94","Single Pack (6 und) Loyal Mayo","gambit","false","0","5","Mini Tequeños Fritos","service","true","selectable","1.000","true","true","2","","direct","expand_selected_component_then_apply_component_policy","false","","cantidad entera seleccionada por el cliente","sum_selected_fried_pieces=6","","confirmed","selected_fried_piece_to_family_raw_piece_one_to_one"
"hbgxqrrybonavaigaetz","2026-07-30 15:32:51","311","94","Single Pack (6 und) Loyal Mayo","gambit","false","0","11","Cachitas Fritas","service","true","selectable","1.000","true","true","3","","direct","expand_selected_component_then_apply_component_policy","false","","cantidad entera seleccionada por el cliente","sum_selected_fried_pieces=6","","confirmed","selected_fried_piece_to_family_raw_piece_one_to_one"
"hbgxqrrybonavaigaetz","2026-07-30 15:32:51","312","94","Single Pack (6 und) Loyal Mayo","gambit","false","0","14","Mandocas Fritas","service","true","selectable","1.000","true","true","4","","direct","expand_selected_component_then_apply_component_policy","false","","cantidad entera seleccionada por el cliente","sum_selected_fried_pieces=6","","confirmed","selected_fried_piece_to_family_raw_piece_one_to_one"
"hbgxqrrybonavaigaetz","2026-07-30 15:32:51","313","94","Single Pack (6 und) Loyal Mayo","gambit","false","0","8","Empanadas Fritas","service","true","selectable","1.000","true","true","5","","direct","expand_selected_component_then_apply_component_policy","false","","cantidad entera seleccionada por el cliente","sum_selected_fried_pieces=6","","confirmed","selected_fried_piece_to_family_raw_piece_one_to_one"
"hbgxqrrybonavaigaetz","2026-07-30 15:32:51","314","94","Single Pack (6 und) Loyal Mayo","gambit","false","0","17","Bombys Fritos","service","true","selectable","1.000","true","true","6","","direct","expand_selected_component_then_apply_component_policy","false","","cantidad entera seleccionada por el cliente","sum_selected_fried_pieces=6","","confirmed","selected_fried_piece_to_family_raw_piece_one_to_one"
"hbgxqrrybonavaigaetz","2026-07-30 15:32:51","560","132","Single Pack (6 und) N.C","gambit","true","0","2","Salsa Tártara 1oz","product","true","fixed","1.000","false","false","1","","self","expand_selected_component_then_apply_component_policy","false","","1 porción solo si fue elegida","optional; outside_piece_total","","confirmed","inventory_item_9:Salsa Tártara 1oz"
"hbgxqrrybonavaigaetz","2026-07-30 15:32:51","561","132","Single Pack (6 und) N.C","gambit","true","0","5","Mini Tequeños Fritos","service","true","selectable","1.000","true","true","2","","direct","expand_selected_component_then_apply_component_policy","false","","cantidad entera seleccionada por el cliente","sum_selected_fried_pieces=6","","confirmed","selected_fried_piece_to_family_raw_piece_one_to_one"
"hbgxqrrybonavaigaetz","2026-07-30 15:32:51","562","132","Single Pack (6 und) N.C","gambit","true","0","8","Empanadas Fritas","service","true","selectable","1.000","true","true","3","","direct","expand_selected_component_then_apply_component_policy","false","","cantidad entera seleccionada por el cliente","sum_selected_fried_pieces=6","","confirmed","selected_fried_piece_to_family_raw_piece_one_to_one"
"hbgxqrrybonavaigaetz","2026-07-30 15:32:51","563","132","Single Pack (6 und) N.C","gambit","true","0","11","Cachitas Fritas","service","true","selectable","1.000","true","true","4","","direct","expand_selected_component_then_apply_component_policy","false","","cantidad entera seleccionada por el cliente","sum_selected_fried_pieces=6","","confirmed","selected_fried_piece_to_family_raw_piece_one_to_one"
"hbgxqrrybonavaigaetz","2026-07-30 15:32:51","564","132","Single Pack (6 und) N.C","gambit","true","0","14","Mandocas Fritas","service","true","selectable","1.000","true","true","5","","direct","expand_selected_component_then_apply_component_policy","false","","cantidad entera seleccionada por el cliente","sum_selected_fried_pieces=6","","confirmed","selected_fried_piece_to_family_raw_piece_one_to_one"
"hbgxqrrybonavaigaetz","2026-07-30 15:32:51","565","132","Single Pack (6 und) N.C","gambit","true","0","17","Bombys Fritos","service","true","selectable","1.000","true","true","6","","direct","expand_selected_component_then_apply_component_policy","false","","cantidad entera seleccionada por el cliente","sum_selected_fried_pieces=6","","confirmed","selected_fried_piece_to_family_raw_piece_one_to_one"
"hbgxqrrybonavaigaetz","2026-07-30 15:32:51","259","62","Single Pack (8 und)","combo","true","0","5","Mini Tequeños Fritos","service","true","selectable","1.000","true","true","10","Pieza seleccionable","direct","expand_selected_component_then_apply_component_policy","false","","cantidad entera seleccionada por el cliente","sum_selected_fried_pieces=8","","confirmed","selected_fried_piece_to_family_raw_piece_one_to_one"
"hbgxqrrybonavaigaetz","2026-07-30 15:32:51","260","62","Single Pack (8 und)","combo","true","0","8","Empanadas Fritas","service","true","selectable","1.000","true","true","20","Pieza seleccionable","direct","expand_selected_component_then_apply_component_policy","false","","cantidad entera seleccionada por el cliente","sum_selected_fried_pieces=8","","confirmed","selected_fried_piece_to_family_raw_piece_one_to_one"
"hbgxqrrybonavaigaetz","2026-07-30 15:32:51","261","62","Single Pack (8 und)","combo","true","0","11","Cachitas Fritas","service","true","selectable","1.000","true","true","30","Pieza seleccionable","direct","expand_selected_component_then_apply_component_policy","false","","cantidad entera seleccionada por el cliente","sum_selected_fried_pieces=8","","confirmed","selected_fried_piece_to_family_raw_piece_one_to_one"
"hbgxqrrybonavaigaetz","2026-07-30 15:32:51","262","62","Single Pack (8 und)","combo","true","0","14","Mandocas Fritas","service","true","selectable","1.000","true","true","40","Pieza seleccionable","direct","expand_selected_component_then_apply_component_policy","false","","cantidad entera seleccionada por el cliente","sum_selected_fried_pieces=8","","confirmed","selected_fried_piece_to_family_raw_piece_one_to_one"
"hbgxqrrybonavaigaetz","2026-07-30 15:32:51","263","62","Single Pack (8 und)","combo","true","0","17","Bombys Fritos","service","true","selectable","1.000","true","true","50","Pieza seleccionable","direct","expand_selected_component_then_apply_component_policy","false","","cantidad entera seleccionada por el cliente","sum_selected_fried_pieces=8","","confirmed","selected_fried_piece_to_family_raw_piece_one_to_one"
"hbgxqrrybonavaigaetz","2026-07-30 15:32:51","264","62","Single Pack (8 und)","combo","true","0","2","Salsa Tártara 1oz","product","true","fixed","1.000","false","false","90","Salsa opcional 1oz","self","expand_selected_component_then_apply_component_policy","false","","1 porción solo si fue elegida","optional; outside_piece_total","","confirmed","inventory_item_9:Salsa Tártara 1oz"
"hbgxqrrybonavaigaetz","2026-07-30 15:32:51","390","127","Single Pack (8 und) Aniversario","product","false","0","2","Salsa Tártara 1oz","product","true","fixed","1.000","false","false","1","","self","expand_selected_component_then_apply_component_policy","false","","1 porción solo si fue elegida","optional; outside_piece_total","","confirmed","inventory_item_9:Salsa Tártara 1oz"
"hbgxqrrybonavaigaetz","2026-07-30 15:32:51","716","157","Single Pack (8 und) Aniversario","gambit","true","0","2","Salsa Tártara 1oz","product","true","fixed","1.000","false","false","1","","self","expand_selected_component_then_apply_component_policy","false","","1 porción solo si fue elegida","optional; outside_piece_total","","confirmed","inventory_item_9:Salsa Tártara 1oz"
"hbgxqrrybonavaigaetz","2026-07-30 15:32:51","391","127","Single Pack (8 und) Aniversario","product","false","0","5","Mini Tequeños Fritos","service","true","selectable","1.000","true","true","2","","direct","expand_selected_component_then_apply_component_policy","false","","cantidad entera seleccionada por el cliente","sum_selected_fried_pieces=8","","confirmed","selected_fried_piece_to_family_raw_piece_one_to_one"
"hbgxqrrybonavaigaetz","2026-07-30 15:32:51","717","157","Single Pack (8 und) Aniversario","gambit","true","0","5","Mini Tequeños Fritos","service","true","selectable","1.000","true","true","2","","direct","expand_selected_component_then_apply_component_policy","false","","cantidad entera seleccionada por el cliente","sum_selected_fried_pieces=8","","confirmed","selected_fried_piece_to_family_raw_piece_one_to_one"
"hbgxqrrybonavaigaetz","2026-07-30 15:32:51","392","127","Single Pack (8 und) Aniversario","product","false","0","8","Empanadas Fritas","service","true","selectable","1.000","true","true","3","","direct","expand_selected_component_then_apply_component_policy","false","","cantidad entera seleccionada por el cliente","sum_selected_fried_pieces=8","","confirmed","selected_fried_piece_to_family_raw_piece_one_to_one"
"hbgxqrrybonavaigaetz","2026-07-30 15:32:51","718","157","Single Pack (8 und) Aniversario","gambit","true","0","8","Empanadas Fritas","service","true","selectable","1.000","true","true","3","","direct","expand_selected_component_then_apply_component_policy","false","","cantidad entera seleccionada por el cliente","sum_selected_fried_pieces=8","","confirmed","selected_fried_piece_to_family_raw_piece_one_to_one"
"hbgxqrrybonavaigaetz","2026-07-30 15:32:51","393","127","Single Pack (8 und) Aniversario","product","false","0","11","Cachitas Fritas","service","true","selectable","1.000","true","true","4","","direct","expand_selected_component_then_apply_component_policy","false","","cantidad entera seleccionada por el cliente","sum_selected_fried_pieces=8","","confirmed","selected_fried_piece_to_family_raw_piece_one_to_one"
"hbgxqrrybonavaigaetz","2026-07-30 15:32:51","719","157","Single Pack (8 und) Aniversario","gambit","true","0","11","Cachitas Fritas","service","true","selectable","1.000","true","true","4","","direct","expand_selected_component_then_apply_component_policy","false","","cantidad entera seleccionada por el cliente","sum_selected_fried_pieces=8","","confirmed","selected_fried_piece_to_family_raw_piece_one_to_one"
"hbgxqrrybonavaigaetz","2026-07-30 15:32:51","394","127","Single Pack (8 und) Aniversario","product","false","0","14","Mandocas Fritas","service","true","selectable","1.000","true","true","5","","direct","expand_selected_component_then_apply_component_policy","false","","cantidad entera seleccionada por el cliente","sum_selected_fried_pieces=8","","confirmed","selected_fried_piece_to_family_raw_piece_one_to_one"
"hbgxqrrybonavaigaetz","2026-07-30 15:32:51","720","157","Single Pack (8 und) Aniversario","gambit","true","0","14","Mandocas Fritas","service","true","selectable","1.000","true","true","5","","direct","expand_selected_component_then_apply_component_policy","false","","cantidad entera seleccionada por el cliente","sum_selected_fried_pieces=8","","confirmed","selected_fried_piece_to_family_raw_piece_one_to_one"
"hbgxqrrybonavaigaetz","2026-07-30 15:32:51","395","127","Single Pack (8 und) Aniversario","product","false","0","17","Bombys Fritos","service","true","selectable","1.000","true","true","6","","direct","expand_selected_component_then_apply_component_policy","false","","cantidad entera seleccionada por el cliente","sum_selected_fried_pieces=8","","confirmed","selected_fried_piece_to_family_raw_piece_one_to_one"
"hbgxqrrybonavaigaetz","2026-07-30 15:32:51","721","157","Single Pack (8 und) Aniversario","gambit","true","0","17","Bombys Fritos","service","true","selectable","1.000","true","true","6","","direct","expand_selected_component_then_apply_component_policy","false","","cantidad entera seleccionada por el cliente","sum_selected_fried_pieces=8","","confirmed","selected_fried_piece_to_family_raw_piece_one_to_one"
"hbgxqrrybonavaigaetz","2026-07-30 15:32:51","752","159","Single Pack (8 und) LC","gambit","true","0","2","Salsa Tártara 1oz","product","true","fixed","1.000","false","false","1","","self","expand_selected_component_then_apply_component_policy","false","","1 porción solo si fue elegida","optional; outside_piece_total","","confirmed","inventory_item_9:Salsa Tártara 1oz"
"hbgxqrrybonavaigaetz","2026-07-30 15:32:51","753","159","Single Pack (8 und) LC","gambit","true","0","5","Mini Tequeños Fritos","service","true","selectable","1.000","true","true","2","","direct","expand_selected_component_then_apply_component_policy","false","","cantidad entera seleccionada por el cliente","sum_selected_fried_pieces=8","","confirmed","selected_fried_piece_to_family_raw_piece_one_to_one"
"hbgxqrrybonavaigaetz","2026-07-30 15:32:51","754","159","Single Pack (8 und) LC","gambit","true","0","11","Cachitas Fritas","service","true","selectable","1.000","true","true","3","","direct","expand_selected_component_then_apply_component_policy","false","","cantidad entera seleccionada por el cliente","sum_selected_fried_pieces=8","","confirmed","selected_fried_piece_to_family_raw_piece_one_to_one"
"hbgxqrrybonavaigaetz","2026-07-30 15:32:51","755","159","Single Pack (8 und) LC","gambit","true","0","14","Mandocas Fritas","service","true","selectable","1.000","true","true","4","","direct","expand_selected_component_then_apply_component_policy","false","","cantidad entera seleccionada por el cliente","sum_selected_fried_pieces=8","","confirmed","selected_fried_piece_to_family_raw_piece_one_to_one"
"hbgxqrrybonavaigaetz","2026-07-30 15:32:51","756","159","Single Pack (8 und) LC","gambit","true","0","8","Empanadas Fritas","service","true","selectable","1.000","true","true","5","","direct","expand_selected_component_then_apply_component_policy","false","","cantidad entera seleccionada por el cliente","sum_selected_fried_pieces=8","","confirmed","selected_fried_piece_to_family_raw_piece_one_to_one"
"hbgxqrrybonavaigaetz","2026-07-30 15:32:51","757","159","Single Pack (8 und) LC","gambit","true","0","17","Bombys Fritos","service","true","selectable","1.000","true","true","6","","direct","expand_selected_component_then_apply_component_policy","false","","cantidad entera seleccionada por el cliente","sum_selected_fried_pieces=8","","confirmed","selected_fried_piece_to_family_raw_piece_one_to_one"
"hbgxqrrybonavaigaetz","2026-07-30 15:32:51","722","143","Single Pack (8 und) Loyal","gambit","true","0","2","Salsa Tártara 1oz","product","true","fixed","1.000","false","false","1","","self","expand_selected_component_then_apply_component_policy","false","","1 porción solo si fue elegida","optional; outside_piece_total","","confirmed","inventory_item_9:Salsa Tártara 1oz"
"hbgxqrrybonavaigaetz","2026-07-30 15:32:51","723","143","Single Pack (8 und) Loyal","gambit","true","0","5","Mini Tequeños Fritos","service","true","selectable","1.000","true","true","2","","direct","expand_selected_component_then_apply_component_policy","false","","cantidad entera seleccionada por el cliente","sum_selected_fried_pieces=8","","confirmed","selected_fried_piece_to_family_raw_piece_one_to_one"
"hbgxqrrybonavaigaetz","2026-07-30 15:32:51","724","143","Single Pack (8 und) Loyal","gambit","true","0","11","Cachitas Fritas","service","true","selectable","1.000","true","true","3","","direct","expand_selected_component_then_apply_component_policy","false","","cantidad entera seleccionada por el cliente","sum_selected_fried_pieces=8","","confirmed","selected_fried_piece_to_family_raw_piece_one_to_one"
"hbgxqrrybonavaigaetz","2026-07-30 15:32:51","725","143","Single Pack (8 und) Loyal","gambit","true","0","14","Mandocas Fritas","service","true","selectable","1.000","true","true","4","","direct","expand_selected_component_then_apply_component_policy","false","","cantidad entera seleccionada por el cliente","sum_selected_fried_pieces=8","","confirmed","selected_fried_piece_to_family_raw_piece_one_to_one"
"hbgxqrrybonavaigaetz","2026-07-30 15:32:51","726","143","Single Pack (8 und) Loyal","gambit","true","0","8","Empanadas Fritas","service","true","selectable","1.000","true","true","5","","direct","expand_selected_component_then_apply_component_policy","false","","cantidad entera seleccionada por el cliente","sum_selected_fried_pieces=8","","confirmed","selected_fried_piece_to_family_raw_piece_one_to_one"
"hbgxqrrybonavaigaetz","2026-07-30 15:32:51","727","143","Single Pack (8 und) Loyal","gambit","true","0","17","Bombys Fritos","service","true","selectable","1.000","true","true","6","","direct","expand_selected_component_then_apply_component_policy","false","","cantidad entera seleccionada por el cliente","sum_selected_fried_pieces=8","","confirmed","selected_fried_piece_to_family_raw_piece_one_to_one"
"hbgxqrrybonavaigaetz","2026-07-30 15:32:51","368","107","Trabajador Destacado (FRITO)","product","false","0","5","Mini Tequeños Fritos","service","true","selectable","1.000","true","true","1","","direct","expand_selected_component_then_apply_component_policy","false","","cantidad entera seleccionada","sum_selected_fried_pieces=25","","confirmed","selected_fried_piece_to_family_raw_piece_one_to_one"
"hbgxqrrybonavaigaetz","2026-07-30 15:32:51","369","107","Trabajador Destacado (FRITO)","product","false","0","8","Empanadas Fritas","service","true","selectable","1.000","true","true","2","","direct","expand_selected_component_then_apply_component_policy","false","","cantidad entera seleccionada","sum_selected_fried_pieces=25","","confirmed","selected_fried_piece_to_family_raw_piece_one_to_one"
"hbgxqrrybonavaigaetz","2026-07-30 15:32:51","370","107","Trabajador Destacado (FRITO)","product","false","0","11","Cachitas Fritas","service","true","selectable","1.000","true","true","3","","direct","expand_selected_component_then_apply_component_policy","false","","cantidad entera seleccionada","sum_selected_fried_pieces=25","","confirmed","selected_fried_piece_to_family_raw_piece_one_to_one"
"hbgxqrrybonavaigaetz","2026-07-30 15:32:51","371","107","Trabajador Destacado (FRITO)","product","false","0","14","Mandocas Fritas","service","true","selectable","1.000","true","true","4","","direct","expand_selected_component_then_apply_component_policy","false","","cantidad entera seleccionada","sum_selected_fried_pieces=25","","confirmed","selected_fried_piece_to_family_raw_piece_one_to_one"
"hbgxqrrybonavaigaetz","2026-07-30 15:32:51","372","107","Trabajador Destacado (FRITO)","product","false","0","17","Bombys Fritos","service","true","selectable","1.000","true","true","5","","direct","expand_selected_component_then_apply_component_policy","false","","cantidad entera seleccionada","sum_selected_fried_pieces=25","","confirmed","selected_fried_piece_to_family_raw_piece_one_to_one"
"hbgxqrrybonavaigaetz","2026-07-30 15:32:51","271","63","Vivo Box (6 und)","combo","true","0","23","Salsa Tártara 2oz","product","true","fixed","1.000","true","false","5","Salsa fija","self","expand_selected_component_then_apply_component_policy","false","","1 porción fija","required; outside_piece_total","","confirmed","inventory_item_21:Salsa Tártara 2oz"
"hbgxqrrybonavaigaetz","2026-07-30 15:32:51","272","63","Vivo Box (6 und)","combo","true","0","89","Dondy (1 und)","gambit","false","fixed","1.000","true","false","6","Dondy fijo","direct","expand_selected_component_then_apply_component_policy","false","","1 pieza fija","required; outside_piece_total","","confirmed","inventory_item_47:Dondys crudos"
"hbgxqrrybonavaigaetz","2026-07-30 15:32:51","273","63","Vivo Box (6 und)","combo","true","0","5","Mini Tequeños Fritos","service","true","selectable","1.000","true","true","10","Pieza seleccionable","direct","expand_selected_component_then_apply_component_policy","false","","cantidad entera seleccionada por el cliente","sum_selected_fried_pieces=6","","confirmed","selected_fried_piece_to_family_raw_piece_one_to_one"
"hbgxqrrybonavaigaetz","2026-07-30 15:32:51","274","63","Vivo Box (6 und)","combo","true","0","8","Empanadas Fritas","service","true","selectable","1.000","true","true","20","Pieza seleccionable","direct","expand_selected_component_then_apply_component_policy","false","","cantidad entera seleccionada por el cliente","sum_selected_fried_pieces=6","","confirmed","selected_fried_piece_to_family_raw_piece_one_to_one"
"hbgxqrrybonavaigaetz","2026-07-30 15:32:51","275","63","Vivo Box (6 und)","combo","true","0","11","Cachitas Fritas","service","true","selectable","1.000","true","true","30","Pieza seleccionable","direct","expand_selected_component_then_apply_component_policy","false","","cantidad entera seleccionada por el cliente","sum_selected_fried_pieces=6","","confirmed","selected_fried_piece_to_family_raw_piece_one_to_one"
"hbgxqrrybonavaigaetz","2026-07-30 15:32:51","276","63","Vivo Box (6 und)","combo","true","0","14","Mandocas Fritas","service","true","selectable","1.000","true","true","40","Pieza seleccionable","direct","expand_selected_component_then_apply_component_policy","false","","cantidad entera seleccionada por el cliente","sum_selected_fried_pieces=6","","confirmed","selected_fried_piece_to_family_raw_piece_one_to_one"
"hbgxqrrybonavaigaetz","2026-07-30 15:32:51","277","63","Vivo Box (6 und)","combo","true","0","17","Bombys Fritos","service","true","selectable","1.000","true","true","50","Pieza seleccionable","direct","expand_selected_component_then_apply_component_policy","false","","cantidad entera seleccionada por el cliente","sum_selected_fried_pieces=6","","confirmed","selected_fried_piece_to_family_raw_piece_one_to_one"
"hbgxqrrybonavaigaetz","2026-07-30 15:32:51","278","64","Vivo Box XL (8 und)","combo","true","0","23","Salsa Tártara 2oz","product","true","fixed","1.000","true","false","5","Salsa fija","self","expand_selected_component_then_apply_component_policy","false","","1 porción fija","required; outside_piece_total","","confirmed","inventory_item_21:Salsa Tártara 2oz"
"hbgxqrrybonavaigaetz","2026-07-30 15:32:51","279","64","Vivo Box XL (8 und)","combo","true","0","89","Dondy (1 und)","gambit","false","fixed","1.000","true","false","6","Dondy fijo","direct","expand_selected_component_then_apply_component_policy","false","","1 pieza fija","required; outside_piece_total","","confirmed","inventory_item_47:Dondys crudos"
"hbgxqrrybonavaigaetz","2026-07-30 15:32:51","280","64","Vivo Box XL (8 und)","combo","true","0","5","Mini Tequeños Fritos","service","true","selectable","1.000","true","true","10","Pieza seleccionable","direct","expand_selected_component_then_apply_component_policy","false","","cantidad entera seleccionada por el cliente","sum_selected_fried_pieces=8","","confirmed","selected_fried_piece_to_family_raw_piece_one_to_one"
"hbgxqrrybonavaigaetz","2026-07-30 15:32:51","281","64","Vivo Box XL (8 und)","combo","true","0","8","Empanadas Fritas","service","true","selectable","1.000","true","true","20","Pieza seleccionable","direct","expand_selected_component_then_apply_component_policy","false","","cantidad entera seleccionada por el cliente","sum_selected_fried_pieces=8","","confirmed","selected_fried_piece_to_family_raw_piece_one_to_one"
"hbgxqrrybonavaigaetz","2026-07-30 15:32:51","282","64","Vivo Box XL (8 und)","combo","true","0","11","Cachitas Fritas","service","true","selectable","1.000","true","true","30","Pieza seleccionable","direct","expand_selected_component_then_apply_component_policy","false","","cantidad entera seleccionada por el cliente","sum_selected_fried_pieces=8","","confirmed","selected_fried_piece_to_family_raw_piece_one_to_one"
"hbgxqrrybonavaigaetz","2026-07-30 15:32:51","283","64","Vivo Box XL (8 und)","combo","true","0","14","Mandocas Fritas","service","true","selectable","1.000","true","true","40","Pieza seleccionable","direct","expand_selected_component_then_apply_component_policy","false","","cantidad entera seleccionada por el cliente","sum_selected_fried_pieces=8","","confirmed","selected_fried_piece_to_family_raw_piece_one_to_one"
"hbgxqrrybonavaigaetz","2026-07-30 15:32:51","284","64","Vivo Box XL (8 und)","combo","true","0","17","Bombys Fritos","service","true","selectable","1.000","true","true","50","Pieza seleccionable","direct","expand_selected_component_then_apply_component_policy","false","","cantidad entera seleccionada por el cliente","sum_selected_fried_pieces=8","","confirmed","selected_fried_piece_to_family_raw_piece_one_to_one"
"hbgxqrrybonavaigaetz","2026-07-30 15:32:51","682","155","Vivo Box XL (8 und) Obsequio","combo","false","0","23","Salsa Tártara 2oz","product","true","fixed","1.000","true","false","5","Salsa fija","self","expand_selected_component_then_apply_component_policy","false","","1 porción fija","required; outside_piece_total","","confirmed","inventory_item_21:Salsa Tártara 2oz"
"hbgxqrrybonavaigaetz","2026-07-30 15:32:51","683","155","Vivo Box XL (8 und) Obsequio","combo","false","0","89","Dondy (1 und)","gambit","false","fixed","1.000","true","false","6","Dondy fijo","direct","expand_selected_component_then_apply_component_policy","false","","1 pieza fija","required; outside_piece_total","","confirmed","inventory_item_47:Dondys crudos"
"hbgxqrrybonavaigaetz","2026-07-30 15:32:51","684","155","Vivo Box XL (8 und) Obsequio","combo","false","0","5","Mini Tequeños Fritos","service","true","selectable","1.000","true","true","10","Pieza seleccionable","direct","expand_selected_component_then_apply_component_policy","false","","cantidad entera seleccionada por el cliente","sum_selected_fried_pieces=8","","confirmed","selected_fried_piece_to_family_raw_piece_one_to_one"
"hbgxqrrybonavaigaetz","2026-07-30 15:32:51","685","155","Vivo Box XL (8 und) Obsequio","combo","false","0","8","Empanadas Fritas","service","true","selectable","1.000","true","true","20","Pieza seleccionable","direct","expand_selected_component_then_apply_component_policy","false","","cantidad entera seleccionada por el cliente","sum_selected_fried_pieces=8","","confirmed","selected_fried_piece_to_family_raw_piece_one_to_one"
"hbgxqrrybonavaigaetz","2026-07-30 15:32:51","686","155","Vivo Box XL (8 und) Obsequio","combo","false","0","11","Cachitas Fritas","service","true","selectable","1.000","true","true","30","Pieza seleccionable","direct","expand_selected_component_then_apply_component_policy","false","","cantidad entera seleccionada por el cliente","sum_selected_fried_pieces=8","","confirmed","selected_fried_piece_to_family_raw_piece_one_to_one"
"hbgxqrrybonavaigaetz","2026-07-30 15:32:51","687","155","Vivo Box XL (8 und) Obsequio","combo","false","0","14","Mandocas Fritas","service","true","selectable","1.000","true","true","40","Pieza seleccionable","direct","expand_selected_component_then_apply_component_policy","false","","cantidad entera seleccionada por el cliente","sum_selected_fried_pieces=8","","confirmed","selected_fried_piece_to_family_raw_piece_one_to_one"
"hbgxqrrybonavaigaetz","2026-07-30 15:32:51","688","155","Vivo Box XL (8 und) Obsequio","combo","false","0","17","Bombys Fritos","service","true","selectable","1.000","true","true","50","Pieza seleccionable","direct","expand_selected_component_then_apply_component_policy","false","","cantidad entera seleccionada por el cliente","sum_selected_fried_pieces=8","","confirmed","selected_fried_piece_to_family_raw_piece_one_to_one"
"hbgxqrrybonavaigaetz","2026-07-30 15:32:51","651","134","Vivo Box XXL (10 und)","combo","true","0","23","Salsa Tártara 2oz","product","true","fixed","1.000","true","false","5","Salsa fija","self","expand_selected_component_then_apply_component_policy","false","","1 porción fija","required; outside_piece_total","","confirmed","inventory_item_21:Salsa Tártara 2oz"
"hbgxqrrybonavaigaetz","2026-07-30 15:32:51","652","134","Vivo Box XXL (10 und)","combo","true","0","89","Dondy (1 und)","gambit","false","fixed","1.000","true","false","6","Dondy fijo","direct","expand_selected_component_then_apply_component_policy","false","","1 pieza fija","required; outside_piece_total","","confirmed","inventory_item_47:Dondys crudos"
"hbgxqrrybonavaigaetz","2026-07-30 15:32:51","653","134","Vivo Box XXL (10 und)","combo","true","0","5","Mini Tequeños Fritos","service","true","selectable","1.000","true","true","10","Pieza seleccionable","direct","expand_selected_component_then_apply_component_policy","false","","cantidad entera seleccionada por el cliente","sum_selected_fried_pieces=10","","confirmed","selected_fried_piece_to_family_raw_piece_one_to_one"
"hbgxqrrybonavaigaetz","2026-07-30 15:32:51","654","134","Vivo Box XXL (10 und)","combo","true","0","8","Empanadas Fritas","service","true","selectable","1.000","true","true","20","Pieza seleccionable","direct","expand_selected_component_then_apply_component_policy","false","","cantidad entera seleccionada por el cliente","sum_selected_fried_pieces=10","","confirmed","selected_fried_piece_to_family_raw_piece_one_to_one"
"hbgxqrrybonavaigaetz","2026-07-30 15:32:51","655","134","Vivo Box XXL (10 und)","combo","true","0","11","Cachitas Fritas","service","true","selectable","1.000","true","true","30","Pieza seleccionable","direct","expand_selected_component_then_apply_component_policy","false","","cantidad entera seleccionada por el cliente","sum_selected_fried_pieces=10","","confirmed","selected_fried_piece_to_family_raw_piece_one_to_one"
"hbgxqrrybonavaigaetz","2026-07-30 15:32:51","656","134","Vivo Box XXL (10 und)","combo","true","0","14","Mandocas Fritas","service","true","selectable","1.000","true","true","40","Pieza seleccionable","direct","expand_selected_component_then_apply_component_policy","false","","cantidad entera seleccionada por el cliente","sum_selected_fried_pieces=10","","confirmed","selected_fried_piece_to_family_raw_piece_one_to_one"
"hbgxqrrybonavaigaetz","2026-07-30 15:32:51","657","134","Vivo Box XXL (10 und)","combo","true","0","17","Bombys Fritos","service","true","selectable","1.000","true","true","50","Pieza seleccionable","direct","expand_selected_component_then_apply_component_policy","false","","cantidad entera seleccionada por el cliente","sum_selected_fried_pieces=10","","confirmed","selected_fried_piece_to_family_raw_piece_one_to_one"
